ISO-10303-21;
HEADER;
FILE_DESCRIPTION(('Open CASCADE Model'),'2;1');
FILE_NAME('Open CASCADE Shape Model','2026-09-06T01:18:35',('Author'),(
    'Open CASCADE'),'Open CASCADE STEP processor 7.8','Open CASCADE 7.8'
  ,'Unknown');
FILE_SCHEMA(('AUTOMOTIVE_DESIGN { 1 0 10303 214 1 1 1 1 }'));
ENDSEC;
DATA;
#1 = APPLICATION_PROTOCOL_DEFINITION('international standard',
  'automotive_design',2000,#2);
#2 = APPLICATION_CONTEXT(
  'core data for automotive mechanical design processes');
#3 = SHAPE_DEFINITION_REPRESENTATION(#4,#10);
#4 = PRODUCT_DEFINITION_SHAPE('','',#5);
#5 = PRODUCT_DEFINITION('design','',#6,#9);
#6 = PRODUCT_DEFINITION_FORMATION('','',#7);
#7 = PRODUCT('Open CASCADE STEP translator 7.8 3',
  'Open CASCADE STEP translator 7.8 3','',(#8));
#8 = PRODUCT_CONTEXT('',#2,'mechanical');
#9 = PRODUCT_DEFINITION_CONTEXT('part definition',#2,'design');
#10 = ADVANCED_BREP_SHAPE_REPRESENTATION('',(#11,#15),#4253);
#11 = AXIS2_PLACEMENT_3D('',#12,#13,#14);
#12 = CARTESIAN_POINT('',(0.,0.,0.));
#13 = DIRECTION('',(0.,0.,1.));
#14 = DIRECTION('',(1.,0.,-0.));
#15 = MANIFOLD_SOLID_BREP('',#16);
#16 = CLOSED_SHELL('',(#17,#137,#698,#748,#802,#1059,#1159,#1208,#1257,
    #1284,#1311,#1343,#1431,#1488,#1571,#1623,#1650,#1730,#1779,#1828,
    #1855,#1882,#1970,#2053,#2060,#2138,#2373,#2400,#2450,#2528,#2583,
    #2610,#2660,#2715,#2722,#2754,#2980,#3007,#3034,#3061,#3137,#3225,
    #3253,#3303,#3353,#3403,#3459,#3515,#3547,#3596,#3645,#3699,#3732,
    #3810,#3838,#3866,#3894,#3945,#3996,#4023,#4092,#4098,#4125,#4152,
    #4179,#4206,#4213,#4241,#4247));
#17 = ADVANCED_FACE('',(#18),#32,.F.);
#18 = FACE_BOUND('',#19,.F.);
#19 = EDGE_LOOP('',(#20,#55,#83,#111));
#20 = ORIENTED_EDGE('',*,*,#21,.F.);
#21 = EDGE_CURVE('',#22,#24,#26,.T.);
#22 = VERTEX_POINT('',#23);
#23 = CARTESIAN_POINT('',(-200.,-129.6,426.));
#24 = VERTEX_POINT('',#25);
#25 = CARTESIAN_POINT('',(-200.,129.6,426.));
#26 = SURFACE_CURVE('',#27,(#31,#43),.PCURVE_S1.);
#27 = LINE('',#28,#29);
#28 = CARTESIAN_POINT('',(-200.,-189.6,426.));
#29 = VECTOR('',#30,1.);
#30 = DIRECTION('',(0.,1.,0.));
#31 = PCURVE('',#32,#37);
#32 = PLANE('',#33);
#33 = AXIS2_PLACEMENT_3D('',#34,#35,#36);
#34 = CARTESIAN_POINT('',(-200.,-189.6,420.));
#35 = DIRECTION('',(1.,0.,0.));
#36 = DIRECTION('',(0.,0.,1.));
#37 = DEFINITIONAL_REPRESENTATION('',(#38),#42);
#38 = LINE('',#39,#40);
#39 = CARTESIAN_POINT('',(6.,0.));
#40 = VECTOR('',#41,1.);
#41 = DIRECTION('',(0.,-1.));
#42 = ( GEOMETRIC_REPRESENTATION_CONTEXT(2) 
PARAMETRIC_REPRESENTATION_CONTEXT() REPRESENTATION_CONTEXT('2D SPACE',''
  ) );
#43 = PCURVE('',#44,#49);
#44 = PLANE('',#45);
#45 = AXIS2_PLACEMENT_3D('',#46,#47,#48);
#46 = CARTESIAN_POINT('',(-200.,-189.6,426.));
#47 = DIRECTION('',(0.,0.,1.));
#48 = DIRECTION('',(1.,0.,0.));
#49 = DEFINITIONAL_REPRESENTATION('',(#50),#54);
#50 = LINE('',#51,#52);
#51 = CARTESIAN_POINT('',(0.,0.));
#52 = VECTOR('',#53,1.);
#53 = DIRECTION('',(0.,1.));
#54 = ( GEOMETRIC_REPRESENTATION_CONTEXT(2) 
PARAMETRIC_REPRESENTATION_CONTEXT() REPRESENTATION_CONTEXT('2D SPACE',''
  ) );
#55 = ORIENTED_EDGE('',*,*,#56,.F.);
#56 = EDGE_CURVE('',#57,#22,#59,.T.);
#57 = VERTEX_POINT('',#58);
#58 = CARTESIAN_POINT('',(-200.,-129.6,420.));
#59 = SURFACE_CURVE('',#60,(#64,#71),.PCURVE_S1.);
#60 = LINE('',#61,#62);
#61 = CARTESIAN_POINT('',(-200.,-129.6,420.));
#62 = VECTOR('',#63,1.);
#63 = DIRECTION('',(0.,0.,1.));
#64 = PCURVE('',#32,#65);
#65 = DEFINITIONAL_REPRESENTATION('',(#66),#70);
#66 = LINE('',#67,#68);
#67 = CARTESIAN_POINT('',(0.,-60.));
#68 = VECTOR('',#69,1.);
#69 = DIRECTION('',(1.,0.));
#70 = ( GEOMETRIC_REPRESENTATION_CONTEXT(2) 
PARAMETRIC_REPRESENTATION_CONTEXT() REPRESENTATION_CONTEXT('2D SPACE',''
  ) );
#71 = PCURVE('',#72,#77);
#72 = CYLINDRICAL_SURFACE('',#73,60.);
#73 = AXIS2_PLACEMENT_3D('',#74,#75,#76);
#74 = CARTESIAN_POINT('',(-140.,-129.6,420.));
#75 = DIRECTION('',(0.,0.,1.));
#76 = DIRECTION('',(-1.,-0.,0.));
#77 = DEFINITIONAL_REPRESENTATION('',(#78),#82);
#78 = LINE('',#79,#80);
#79 = CARTESIAN_POINT('',(0.,0.));
#80 = VECTOR('',#81,1.);
#81 = DIRECTION('',(0.,1.));
#82 = ( GEOMETRIC_REPRESENTATION_CONTEXT(2) 
PARAMETRIC_REPRESENTATION_CONTEXT() REPRESENTATION_CONTEXT('2D SPACE',''
  ) );
#83 = ORIENTED_EDGE('',*,*,#84,.T.);
#84 = EDGE_CURVE('',#57,#85,#87,.T.);
#85 = VERTEX_POINT('',#86);
#86 = CARTESIAN_POINT('',(-200.,129.6,420.));
#87 = SURFACE_CURVE('',#88,(#92,#99),.PCURVE_S1.);
#88 = LINE('',#89,#90);
#89 = CARTESIAN_POINT('',(-200.,-189.6,420.));
#90 = VECTOR('',#91,1.);
#91 = DIRECTION('',(0.,1.,0.));
#92 = PCURVE('',#32,#93);
#93 = DEFINITIONAL_REPRESENTATION('',(#94),#98);
#94 = LINE('',#95,#96);
#95 = CARTESIAN_POINT('',(0.,0.));
#96 = VECTOR('',#97,1.);
#97 = DIRECTION('',(0.,-1.));
#98 = ( GEOMETRIC_REPRESENTATION_CONTEXT(2) 
PARAMETRIC_REPRESENTATION_CONTEXT() REPRESENTATION_CONTEXT('2D SPACE',''
  ) );
#99 = PCURVE('',#100,#105);
#100 = PLANE('',#101);
#101 = AXIS2_PLACEMENT_3D('',#102,#103,#104);
#102 = CARTESIAN_POINT('',(-200.,-189.6,420.));
#103 = DIRECTION('',(0.,0.,1.));
#104 = DIRECTION('',(1.,0.,0.));
#105 = DEFINITIONAL_REPRESENTATION('',(#106),#110);
#106 = LINE('',#107,#108);
#107 = CARTESIAN_POINT('',(0.,0.));
#108 = VECTOR('',#109,1.);
#109 = DIRECTION('',(0.,1.));
#110 = ( GEOMETRIC_REPRESENTATION_CONTEXT(2) 
PARAMETRIC_REPRESENTATION_CONTEXT() REPRESENTATION_CONTEXT('2D SPACE',''
  ) );
#111 = ORIENTED_EDGE('',*,*,#112,.T.);
#112 = EDGE_CURVE('',#85,#24,#113,.T.);
#113 = SURFACE_CURVE('',#114,(#118,#125),.PCURVE_S1.);
#114 = LINE('',#115,#116);
#115 = CARTESIAN_POINT('',(-200.,129.6,420.));
#116 = VECTOR('',#117,1.);
#117 = DIRECTION('',(0.,0.,1.));
#118 = PCURVE('',#32,#119);
#119 = DEFINITIONAL_REPRESENTATION('',(#120),#124);
#120 = LINE('',#121,#122);
#121 = CARTESIAN_POINT('',(0.,-319.2));
#122 = VECTOR('',#123,1.);
#123 = DIRECTION('',(1.,0.));
#124 = ( GEOMETRIC_REPRESENTATION_CONTEXT(2) 
PARAMETRIC_REPRESENTATION_CONTEXT() REPRESENTATION_CONTEXT('2D SPACE',''
  ) );
#125 = PCURVE('',#126,#131);
#126 = CYLINDRICAL_SURFACE('',#127,60.);
#127 = AXIS2_PLACEMENT_3D('',#128,#129,#130);
#128 = CARTESIAN_POINT('',(-140.,129.6,420.));
#129 = DIRECTION('',(0.,0.,1.));
#130 = DIRECTION('',(-1.,-0.,0.));
#131 = DEFINITIONAL_REPRESENTATION('',(#132),#136);
#132 = LINE('',#133,#134);
#133 = CARTESIAN_POINT('',(-0.,0.));
#134 = VECTOR('',#135,1.);
#135 = DIRECTION('',(-0.,1.));
#136 = ( GEOMETRIC_REPRESENTATION_CONTEXT(2) 
PARAMETRIC_REPRESENTATION_CONTEXT() REPRESENTATION_CONTEXT('2D SPACE',''
  ) );
#137 = ADVANCED_FACE('',(#138,#663),#44,.T.);
#138 = FACE_BOUND('',#139,.T.);
#139 = EDGE_LOOP('',(#140,#141,#165,#193,#221,#249,#277,#300,#333,#361,
    #389,#417,#445,#473,#502,#530,#558,#586,#614,#637));
#140 = ORIENTED_EDGE('',*,*,#21,.F.);
#141 = ORIENTED_EDGE('',*,*,#142,.T.);
#142 = EDGE_CURVE('',#22,#143,#145,.T.);
#143 = VERTEX_POINT('',#144);
#144 = CARTESIAN_POINT('',(-158.7349939951,-186.6,426.));
#145 = SURFACE_CURVE('',#146,(#151,#158),.PCURVE_S1.);
#146 = CIRCLE('',#147,60.);
#147 = AXIS2_PLACEMENT_3D('',#148,#149,#150);
#148 = CARTESIAN_POINT('',(-140.,-129.6,426.));
#149 = DIRECTION('',(0.,0.,1.));
#150 = DIRECTION('',(0.,-1.,0.));
#151 = PCURVE('',#44,#152);
#152 = DEFINITIONAL_REPRESENTATION('',(#153),#157);
#153 = CIRCLE('',#154,60.);
#154 = AXIS2_PLACEMENT_2D('',#155,#156);
#155 = CARTESIAN_POINT('',(60.,60.));
#156 = DIRECTION('',(0.,-1.));
#157 = ( GEOMETRIC_REPRESENTATION_CONTEXT(2) 
PARAMETRIC_REPRESENTATION_CONTEXT() REPRESENTATION_CONTEXT('2D SPACE',''
  ) );
#158 = PCURVE('',#72,#159);
#159 = DEFINITIONAL_REPRESENTATION('',(#160),#164);
#160 = LINE('',#161,#162);
#161 = CARTESIAN_POINT('',(-4.712388980385,6.));
#162 = VECTOR('',#163,1.);
#163 = DIRECTION('',(1.,0.));
#164 = ( GEOMETRIC_REPRESENTATION_CONTEXT(2) 
PARAMETRIC_REPRESENTATION_CONTEXT() REPRESENTATION_CONTEXT('2D SPACE',''
  ) );
#165 = ORIENTED_EDGE('',*,*,#166,.F.);
#166 = EDGE_CURVE('',#167,#143,#169,.T.);
#167 = VERTEX_POINT('',#168);
#168 = CARTESIAN_POINT('',(-244.,-186.6,426.));
#169 = SURFACE_CURVE('',#170,(#174,#181),.PCURVE_S1.);
#170 = LINE('',#171,#172);
#171 = CARTESIAN_POINT('',(-244.,-186.6,426.));
#172 = VECTOR('',#173,1.);
#173 = DIRECTION('',(1.,0.,0.));
#174 = PCURVE('',#44,#175);
#175 = DEFINITIONAL_REPRESENTATION('',(#176),#180);
#176 = LINE('',#177,#178);
#177 = CARTESIAN_POINT('',(-44.,3.));
#178 = VECTOR('',#179,1.);
#179 = DIRECTION('',(1.,0.));
#180 = ( GEOMETRIC_REPRESENTATION_CONTEXT(2) 
PARAMETRIC_REPRESENTATION_CONTEXT() REPRESENTATION_CONTEXT('2D SPACE',''
  ) );
#181 = PCURVE('',#182,#187);
#182 = PLANE('',#183);
#183 = AXIS2_PLACEMENT_3D('',#184,#185,#186);
#184 = CARTESIAN_POINT('',(-244.,-186.6,391.));
#185 = DIRECTION('',(0.,1.,0.));
#186 = DIRECTION('',(0.,0.,1.));
#187 = DEFINITIONAL_REPRESENTATION('',(#188),#192);
#188 = LINE('',#189,#190);
#189 = CARTESIAN_POINT('',(35.,0.));
#190 = VECTOR('',#191,1.);
#191 = DIRECTION('',(0.,1.));
#192 = ( GEOMETRIC_REPRESENTATION_CONTEXT(2) 
PARAMETRIC_REPRESENTATION_CONTEXT() REPRESENTATION_CONTEXT('2D SPACE',''
  ) );
#193 = ORIENTED_EDGE('',*,*,#194,.F.);
#194 = EDGE_CURVE('',#195,#167,#197,.T.);
#195 = VERTEX_POINT('',#196);
#196 = CARTESIAN_POINT('',(-244.,-189.6,426.));
#197 = SURFACE_CURVE('',#198,(#202,#209),.PCURVE_S1.);
#198 = LINE('',#199,#200);
#199 = CARTESIAN_POINT('',(-244.,-189.6,426.));
#200 = VECTOR('',#201,1.);
#201 = DIRECTION('',(0.,1.,0.));
#202 = PCURVE('',#44,#203);
#203 = DEFINITIONAL_REPRESENTATION('',(#204),#208);
#204 = LINE('',#205,#206);
#205 = CARTESIAN_POINT('',(-44.,0.));
#206 = VECTOR('',#207,1.);
#207 = DIRECTION('',(0.,1.));
#208 = ( GEOMETRIC_REPRESENTATION_CONTEXT(2) 
PARAMETRIC_REPRESENTATION_CONTEXT() REPRESENTATION_CONTEXT('2D SPACE',''
  ) );
#209 = PCURVE('',#210,#215);
#210 = PLANE('',#211);
#211 = AXIS2_PLACEMENT_3D('',#212,#213,#214);
#212 = CARTESIAN_POINT('',(-244.,-189.6,391.));
#213 = DIRECTION('',(1.,0.,0.));
#214 = DIRECTION('',(0.,0.,1.));
#215 = DEFINITIONAL_REPRESENTATION('',(#216),#220);
#216 = LINE('',#217,#218);
#217 = CARTESIAN_POINT('',(35.,0.));
#218 = VECTOR('',#219,1.);
#219 = DIRECTION('',(0.,-1.));
#220 = ( GEOMETRIC_REPRESENTATION_CONTEXT(2) 
PARAMETRIC_REPRESENTATION_CONTEXT() REPRESENTATION_CONTEXT('2D SPACE',''
  ) );
#221 = ORIENTED_EDGE('',*,*,#222,.T.);
#222 = EDGE_CURVE('',#195,#223,#225,.T.);
#223 = VERTEX_POINT('',#224);
#224 = CARTESIAN_POINT('',(244.,-189.6,426.));
#225 = SURFACE_CURVE('',#226,(#230,#237),.PCURVE_S1.);
#226 = LINE('',#227,#228);
#227 = CARTESIAN_POINT('',(-244.,-189.6,426.));
#228 = VECTOR('',#229,1.);
#229 = DIRECTION('',(1.,0.,0.));
#230 = PCURVE('',#44,#231);
#231 = DEFINITIONAL_REPRESENTATION('',(#232),#236);
#232 = LINE('',#233,#234);
#233 = CARTESIAN_POINT('',(-44.,0.));
#234 = VECTOR('',#235,1.);
#235 = DIRECTION('',(1.,0.));
#236 = ( GEOMETRIC_REPRESENTATION_CONTEXT(2) 
PARAMETRIC_REPRESENTATION_CONTEXT() REPRESENTATION_CONTEXT('2D SPACE',''
  ) );
#237 = PCURVE('',#238,#243);
#238 = PLANE('',#239);
#239 = AXIS2_PLACEMENT_3D('',#240,#241,#242);
#240 = CARTESIAN_POINT('',(-200.,-189.6,420.));
#241 = DIRECTION('',(0.,1.,0.));
#242 = DIRECTION('',(0.,0.,1.));
#243 = DEFINITIONAL_REPRESENTATION('',(#244),#248);
#244 = LINE('',#245,#246);
#245 = CARTESIAN_POINT('',(6.,-44.));
#246 = VECTOR('',#247,1.);
#247 = DIRECTION('',(0.,1.));
#248 = ( GEOMETRIC_REPRESENTATION_CONTEXT(2) 
PARAMETRIC_REPRESENTATION_CONTEXT() REPRESENTATION_CONTEXT('2D SPACE',''
  ) );
#249 = ORIENTED_EDGE('',*,*,#250,.T.);
#250 = EDGE_CURVE('',#223,#251,#253,.T.);
#251 = VERTEX_POINT('',#252);
#252 = CARTESIAN_POINT('',(244.,-186.6,426.));
#253 = SURFACE_CURVE('',#254,(#258,#265),.PCURVE_S1.);
#254 = LINE('',#255,#256);
#255 = CARTESIAN_POINT('',(244.,-189.6,426.));
#256 = VECTOR('',#257,1.);
#257 = DIRECTION('',(0.,1.,0.));
#258 = PCURVE('',#44,#259);
#259 = DEFINITIONAL_REPRESENTATION('',(#260),#264);
#260 = LINE('',#261,#262);
#261 = CARTESIAN_POINT('',(444.,0.));
#262 = VECTOR('',#263,1.);
#263 = DIRECTION('',(0.,1.));
#264 = ( GEOMETRIC_REPRESENTATION_CONTEXT(2) 
PARAMETRIC_REPRESENTATION_CONTEXT() REPRESENTATION_CONTEXT('2D SPACE',''
  ) );
#265 = PCURVE('',#266,#271);
#266 = PLANE('',#267);
#267 = AXIS2_PLACEMENT_3D('',#268,#269,#270);
#268 = CARTESIAN_POINT('',(244.,-189.6,391.));
#269 = DIRECTION('',(1.,0.,0.));
#270 = DIRECTION('',(0.,0.,1.));
#271 = DEFINITIONAL_REPRESENTATION('',(#272),#276);
#272 = LINE('',#273,#274);
#273 = CARTESIAN_POINT('',(35.,0.));
#274 = VECTOR('',#275,1.);
#275 = DIRECTION('',(0.,-1.));
#276 = ( GEOMETRIC_REPRESENTATION_CONTEXT(2) 
PARAMETRIC_REPRESENTATION_CONTEXT() REPRESENTATION_CONTEXT('2D SPACE',''
  ) );
#277 = ORIENTED_EDGE('',*,*,#278,.F.);
#278 = EDGE_CURVE('',#279,#251,#281,.T.);
#279 = VERTEX_POINT('',#280);
#280 = CARTESIAN_POINT('',(158.73499399519,-186.6,426.));
#281 = SURFACE_CURVE('',#282,(#286,#293),.PCURVE_S1.);
#282 = LINE('',#283,#284);
#283 = CARTESIAN_POINT('',(-244.,-186.6,426.));
#284 = VECTOR('',#285,1.);
#285 = DIRECTION('',(1.,0.,0.));
#286 = PCURVE('',#44,#287);
#287 = DEFINITIONAL_REPRESENTATION('',(#288),#292);
#288 = LINE('',#289,#290);
#289 = CARTESIAN_POINT('',(-44.,3.));
#290 = VECTOR('',#291,1.);
#291 = DIRECTION('',(1.,0.));
#292 = ( GEOMETRIC_REPRESENTATION_CONTEXT(2) 
PARAMETRIC_REPRESENTATION_CONTEXT() REPRESENTATION_CONTEXT('2D SPACE',''
  ) );
#293 = PCURVE('',#182,#294);
#294 = DEFINITIONAL_REPRESENTATION('',(#295),#299);
#295 = LINE('',#296,#297);
#296 = CARTESIAN_POINT('',(35.,0.));
#297 = VECTOR('',#298,1.);
#298 = DIRECTION('',(0.,1.));
#299 = ( GEOMETRIC_REPRESENTATION_CONTEXT(2) 
PARAMETRIC_REPRESENTATION_CONTEXT() REPRESENTATION_CONTEXT('2D SPACE',''
  ) );
#300 = ORIENTED_EDGE('',*,*,#301,.F.);
#301 = EDGE_CURVE('',#302,#279,#304,.T.);
#302 = VERTEX_POINT('',#303);
#303 = CARTESIAN_POINT('',(200.,-129.6,426.));
#304 = SURFACE_CURVE('',#305,(#310,#321),.PCURVE_S1.);
#305 = CIRCLE('',#306,60.);
#306 = AXIS2_PLACEMENT_3D('',#307,#308,#309);
#307 = CARTESIAN_POINT('',(140.,-129.6,426.));
#308 = DIRECTION('',(-0.,-0.,-1.));
#309 = DIRECTION('',(0.,-1.,0.));
#310 = PCURVE('',#44,#311);
#311 = DEFINITIONAL_REPRESENTATION('',(#312),#320);
#312 = ( BOUNDED_CURVE() B_SPLINE_CURVE(2,(#313,#314,#315,#316,#317,#318
,#319),.UNSPECIFIED.,.T.,.F.) B_SPLINE_CURVE_WITH_KNOTS((1,2,2,2,2,1),(
    -2.094395102393,0.,2.094395102393,4.188790204786,6.28318530718,
8.377580409573),.UNSPECIFIED.) CURVE() GEOMETRIC_REPRESENTATION_ITEM() 
RATIONAL_B_SPLINE_CURVE((1.,0.5,1.,0.5,1.,0.5,1.)) REPRESENTATION_ITEM(
  '') );
#313 = CARTESIAN_POINT('',(340.,0.));
#314 = CARTESIAN_POINT('',(236.07695154586,0.));
#315 = CARTESIAN_POINT('',(288.03847577293,90.));
#316 = CARTESIAN_POINT('',(340.,180.));
#317 = CARTESIAN_POINT('',(391.96152422706,90.));
#318 = CARTESIAN_POINT('',(443.92304845413,9.237055564881E-14));
#319 = CARTESIAN_POINT('',(340.,0.));
#320 = ( GEOMETRIC_REPRESENTATION_CONTEXT(2) 
PARAMETRIC_REPRESENTATION_CONTEXT() REPRESENTATION_CONTEXT('2D SPACE',''
  ) );
#321 = PCURVE('',#322,#327);
#322 = CYLINDRICAL_SURFACE('',#323,60.);
#323 = AXIS2_PLACEMENT_3D('',#324,#325,#326);
#324 = CARTESIAN_POINT('',(140.,-129.6,420.));
#325 = DIRECTION('',(0.,0.,1.));
#326 = DIRECTION('',(1.,0.,-0.));
#327 = DEFINITIONAL_REPRESENTATION('',(#328),#332);
#328 = LINE('',#329,#330);
#329 = CARTESIAN_POINT('',(4.712388980385,6.));
#330 = VECTOR('',#331,1.);
#331 = DIRECTION('',(-1.,0.));
#332 = ( GEOMETRIC_REPRESENTATION_CONTEXT(2) 
PARAMETRIC_REPRESENTATION_CONTEXT() REPRESENTATION_CONTEXT('2D SPACE',''
  ) );
#333 = ORIENTED_EDGE('',*,*,#334,.T.);
#334 = EDGE_CURVE('',#302,#335,#337,.T.);
#335 = VERTEX_POINT('',#336);
#336 = CARTESIAN_POINT('',(200.,-57.,426.));
#337 = SURFACE_CURVE('',#338,(#342,#349),.PCURVE_S1.);
#338 = LINE('',#339,#340);
#339 = CARTESIAN_POINT('',(200.,-189.6,426.));
#340 = VECTOR('',#341,1.);
#341 = DIRECTION('',(0.,1.,0.));
#342 = PCURVE('',#44,#343);
#343 = DEFINITIONAL_REPRESENTATION('',(#344),#348);
#344 = LINE('',#345,#346);
#345 = CARTESIAN_POINT('',(400.,0.));
#346 = VECTOR('',#347,1.);
#347 = DIRECTION('',(0.,1.));
#348 = ( GEOMETRIC_REPRESENTATION_CONTEXT(2) 
PARAMETRIC_REPRESENTATION_CONTEXT() REPRESENTATION_CONTEXT('2D SPACE',''
  ) );
#349 = PCURVE('',#350,#355);
#350 = PLANE('',#351);
#351 = AXIS2_PLACEMENT_3D('',#352,#353,#354);
#352 = CARTESIAN_POINT('',(200.,-189.6,420.));
#353 = DIRECTION('',(1.,0.,0.));
#354 = DIRECTION('',(0.,0.,1.));
#355 = DEFINITIONAL_REPRESENTATION('',(#356),#360);
#356 = LINE('',#357,#358);
#357 = CARTESIAN_POINT('',(6.,0.));
#358 = VECTOR('',#359,1.);
#359 = DIRECTION('',(0.,-1.));
#360 = ( GEOMETRIC_REPRESENTATION_CONTEXT(2) 
PARAMETRIC_REPRESENTATION_CONTEXT() REPRESENTATION_CONTEXT('2D SPACE',''
  ) );
#361 = ORIENTED_EDGE('',*,*,#362,.T.);
#362 = EDGE_CURVE('',#335,#363,#365,.T.);
#363 = VERTEX_POINT('',#364);
#364 = CARTESIAN_POINT('',(200.,-51.,426.));
#365 = SURFACE_CURVE('',#366,(#370,#377),.PCURVE_S1.);
#366 = LINE('',#367,#368);
#367 = CARTESIAN_POINT('',(200.,-60.,426.));
#368 = VECTOR('',#369,1.);
#369 = DIRECTION('',(0.,1.,0.));
#370 = PCURVE('',#44,#371);
#371 = DEFINITIONAL_REPRESENTATION('',(#372),#376);
#372 = LINE('',#373,#374);
#373 = CARTESIAN_POINT('',(400.,129.6));
#374 = VECTOR('',#375,1.);
#375 = DIRECTION('',(0.,1.));
#376 = ( GEOMETRIC_REPRESENTATION_CONTEXT(2) 
PARAMETRIC_REPRESENTATION_CONTEXT() REPRESENTATION_CONTEXT('2D SPACE',''
  ) );
#377 = PCURVE('',#378,#383);
#378 = CYLINDRICAL_SURFACE('',#379,3.);
#379 = AXIS2_PLACEMENT_3D('',#380,#381,#382);
#380 = CARTESIAN_POINT('',(203.,-60.,426.));
#381 = DIRECTION('',(0.,1.,0.));
#382 = DIRECTION('',(0.,-0.,1.));
#383 = DEFINITIONAL_REPRESENTATION('',(#384),#388);
#384 = LINE('',#385,#386);
#385 = CARTESIAN_POINT('',(-1.570796326795,0.));
#386 = VECTOR('',#387,1.);
#387 = DIRECTION('',(-0.,1.));
#388 = ( GEOMETRIC_REPRESENTATION_CONTEXT(2) 
PARAMETRIC_REPRESENTATION_CONTEXT() REPRESENTATION_CONTEXT('2D SPACE',''
  ) );
#389 = ORIENTED_EDGE('',*,*,#390,.T.);
#390 = EDGE_CURVE('',#363,#391,#393,.T.);
#391 = VERTEX_POINT('',#392);
#392 = CARTESIAN_POINT('',(200.,51.,426.));
#393 = SURFACE_CURVE('',#394,(#398,#405),.PCURVE_S1.);
#394 = LINE('',#395,#396);
#395 = CARTESIAN_POINT('',(200.,-189.6,426.));
#396 = VECTOR('',#397,1.);
#397 = DIRECTION('',(0.,1.,0.));
#398 = PCURVE('',#44,#399);
#399 = DEFINITIONAL_REPRESENTATION('',(#400),#404);
#400 = LINE('',#401,#402);
#401 = CARTESIAN_POINT('',(400.,0.));
#402 = VECTOR('',#403,1.);
#403 = DIRECTION('',(0.,1.));
#404 = ( GEOMETRIC_REPRESENTATION_CONTEXT(2) 
PARAMETRIC_REPRESENTATION_CONTEXT() REPRESENTATION_CONTEXT('2D SPACE',''
  ) );
#405 = PCURVE('',#406,#411);
#406 = PLANE('',#407);
#407 = AXIS2_PLACEMENT_3D('',#408,#409,#410);
#408 = CARTESIAN_POINT('',(200.,-189.6,420.));
#409 = DIRECTION('',(1.,0.,0.));
#410 = DIRECTION('',(0.,0.,1.));
#411 = DEFINITIONAL_REPRESENTATION('',(#412),#416);
#412 = LINE('',#413,#414);
#413 = CARTESIAN_POINT('',(6.,0.));
#414 = VECTOR('',#415,1.);
#415 = DIRECTION('',(0.,-1.));
#416 = ( GEOMETRIC_REPRESENTATION_CONTEXT(2) 
PARAMETRIC_REPRESENTATION_CONTEXT() REPRESENTATION_CONTEXT('2D SPACE',''
  ) );
#417 = ORIENTED_EDGE('',*,*,#418,.T.);
#418 = EDGE_CURVE('',#391,#419,#421,.T.);
#419 = VERTEX_POINT('',#420);
#420 = CARTESIAN_POINT('',(200.,57.,426.));
#421 = SURFACE_CURVE('',#422,(#426,#433),.PCURVE_S1.);
#422 = LINE('',#423,#424);
#423 = CARTESIAN_POINT('',(200.,48.,426.));
#424 = VECTOR('',#425,1.);
#425 = DIRECTION('',(0.,1.,0.));
#426 = PCURVE('',#44,#427);
#427 = DEFINITIONAL_REPRESENTATION('',(#428),#432);
#428 = LINE('',#429,#430);
#429 = CARTESIAN_POINT('',(400.,237.6));
#430 = VECTOR('',#431,1.);
#431 = DIRECTION('',(0.,1.));
#432 = ( GEOMETRIC_REPRESENTATION_CONTEXT(2) 
PARAMETRIC_REPRESENTATION_CONTEXT() REPRESENTATION_CONTEXT('2D SPACE',''
  ) );
#433 = PCURVE('',#434,#439);
#434 = CYLINDRICAL_SURFACE('',#435,3.);
#435 = AXIS2_PLACEMENT_3D('',#436,#437,#438);
#436 = CARTESIAN_POINT('',(203.,48.,426.));
#437 = DIRECTION('',(0.,1.,0.));
#438 = DIRECTION('',(0.,-0.,1.));
#439 = DEFINITIONAL_REPRESENTATION('',(#440),#444);
#440 = LINE('',#441,#442);
#441 = CARTESIAN_POINT('',(-1.570796326795,0.));
#442 = VECTOR('',#443,1.);
#443 = DIRECTION('',(-0.,1.));
#444 = ( GEOMETRIC_REPRESENTATION_CONTEXT(2) 
PARAMETRIC_REPRESENTATION_CONTEXT() REPRESENTATION_CONTEXT('2D SPACE',''
  ) );
#445 = ORIENTED_EDGE('',*,*,#446,.T.);
#446 = EDGE_CURVE('',#419,#447,#449,.T.);
#447 = VERTEX_POINT('',#448);
#448 = CARTESIAN_POINT('',(200.,129.6,426.));
#449 = SURFACE_CURVE('',#450,(#454,#461),.PCURVE_S1.);
#450 = LINE('',#451,#452);
#451 = CARTESIAN_POINT('',(200.,-189.6,426.));
#452 = VECTOR('',#453,1.);
#453 = DIRECTION('',(0.,1.,0.));
#454 = PCURVE('',#44,#455);
#455 = DEFINITIONAL_REPRESENTATION('',(#456),#460);
#456 = LINE('',#457,#458);
#457 = CARTESIAN_POINT('',(400.,0.));
#458 = VECTOR('',#459,1.);
#459 = DIRECTION('',(0.,1.));
#460 = ( GEOMETRIC_REPRESENTATION_CONTEXT(2) 
PARAMETRIC_REPRESENTATION_CONTEXT() REPRESENTATION_CONTEXT('2D SPACE',''
  ) );
#461 = PCURVE('',#462,#467);
#462 = PLANE('',#463);
#463 = AXIS2_PLACEMENT_3D('',#464,#465,#466);
#464 = CARTESIAN_POINT('',(200.,-189.6,420.));
#465 = DIRECTION('',(1.,0.,0.));
#466 = DIRECTION('',(0.,0.,1.));
#467 = DEFINITIONAL_REPRESENTATION('',(#468),#472);
#468 = LINE('',#469,#470);
#469 = CARTESIAN_POINT('',(6.,0.));
#470 = VECTOR('',#471,1.);
#471 = DIRECTION('',(0.,-1.));
#472 = ( GEOMETRIC_REPRESENTATION_CONTEXT(2) 
PARAMETRIC_REPRESENTATION_CONTEXT() REPRESENTATION_CONTEXT('2D SPACE',''
  ) );
#473 = ORIENTED_EDGE('',*,*,#474,.T.);
#474 = EDGE_CURVE('',#447,#475,#477,.T.);
#475 = VERTEX_POINT('',#476);
#476 = CARTESIAN_POINT('',(158.73499399519,186.6,426.));
#477 = SURFACE_CURVE('',#478,(#483,#490),.PCURVE_S1.);
#478 = CIRCLE('',#479,60.);
#479 = AXIS2_PLACEMENT_3D('',#480,#481,#482);
#480 = CARTESIAN_POINT('',(140.,129.6,426.));
#481 = DIRECTION('',(0.,0.,1.));
#482 = DIRECTION('',(0.,-1.,0.));
#483 = PCURVE('',#44,#484);
#484 = DEFINITIONAL_REPRESENTATION('',(#485),#489);
#485 = CIRCLE('',#486,60.);
#486 = AXIS2_PLACEMENT_2D('',#487,#488);
#487 = CARTESIAN_POINT('',(340.,319.2));
#488 = DIRECTION('',(0.,-1.));
#489 = ( GEOMETRIC_REPRESENTATION_CONTEXT(2) 
PARAMETRIC_REPRESENTATION_CONTEXT() REPRESENTATION_CONTEXT('2D SPACE',''
  ) );
#490 = PCURVE('',#491,#496);
#491 = CYLINDRICAL_SURFACE('',#492,60.);
#492 = AXIS2_PLACEMENT_3D('',#493,#494,#495);
#493 = CARTESIAN_POINT('',(140.,129.6,420.));
#494 = DIRECTION('',(0.,0.,1.));
#495 = DIRECTION('',(1.,0.,-0.));
#496 = DEFINITIONAL_REPRESENTATION('',(#497),#501);
#497 = LINE('',#498,#499);
#498 = CARTESIAN_POINT('',(-1.570796326795,6.));
#499 = VECTOR('',#500,1.);
#500 = DIRECTION('',(1.,0.));
#501 = ( GEOMETRIC_REPRESENTATION_CONTEXT(2) 
PARAMETRIC_REPRESENTATION_CONTEXT() REPRESENTATION_CONTEXT('2D SPACE',''
  ) );
#502 = ORIENTED_EDGE('',*,*,#503,.T.);
#503 = EDGE_CURVE('',#475,#504,#506,.T.);
#504 = VERTEX_POINT('',#505);
#505 = CARTESIAN_POINT('',(244.,186.6,426.));
#506 = SURFACE_CURVE('',#507,(#511,#518),.PCURVE_S1.);
#507 = LINE('',#508,#509);
#508 = CARTESIAN_POINT('',(-244.,186.6,426.));
#509 = VECTOR('',#510,1.);
#510 = DIRECTION('',(1.,0.,0.));
#511 = PCURVE('',#44,#512);
#512 = DEFINITIONAL_REPRESENTATION('',(#513),#517);
#513 = LINE('',#514,#515);
#514 = CARTESIAN_POINT('',(-44.,376.2));
#515 = VECTOR('',#516,1.);
#516 = DIRECTION('',(1.,0.));
#517 = ( GEOMETRIC_REPRESENTATION_CONTEXT(2) 
PARAMETRIC_REPRESENTATION_CONTEXT() REPRESENTATION_CONTEXT('2D SPACE',''
  ) );
#518 = PCURVE('',#519,#524);
#519 = PLANE('',#520);
#520 = AXIS2_PLACEMENT_3D('',#521,#522,#523);
#521 = CARTESIAN_POINT('',(-244.,186.6,391.));
#522 = DIRECTION('',(0.,1.,0.));
#523 = DIRECTION('',(0.,0.,1.));
#524 = DEFINITIONAL_REPRESENTATION('',(#525),#529);
#525 = LINE('',#526,#527);
#526 = CARTESIAN_POINT('',(35.,0.));
#527 = VECTOR('',#528,1.);
#528 = DIRECTION('',(0.,1.));
#529 = ( GEOMETRIC_REPRESENTATION_CONTEXT(2) 
PARAMETRIC_REPRESENTATION_CONTEXT() REPRESENTATION_CONTEXT('2D SPACE',''
  ) );
#530 = ORIENTED_EDGE('',*,*,#531,.T.);
#531 = EDGE_CURVE('',#504,#532,#534,.T.);
#532 = VERTEX_POINT('',#533);
#533 = CARTESIAN_POINT('',(244.,189.6,426.));
#534 = SURFACE_CURVE('',#535,(#539,#546),.PCURVE_S1.);
#535 = LINE('',#536,#537);
#536 = CARTESIAN_POINT('',(244.,186.6,426.));
#537 = VECTOR('',#538,1.);
#538 = DIRECTION('',(0.,1.,0.));
#539 = PCURVE('',#44,#540);
#540 = DEFINITIONAL_REPRESENTATION('',(#541),#545);
#541 = LINE('',#542,#543);
#542 = CARTESIAN_POINT('',(444.,376.2));
#543 = VECTOR('',#544,1.);
#544 = DIRECTION('',(0.,1.));
#545 = ( GEOMETRIC_REPRESENTATION_CONTEXT(2) 
PARAMETRIC_REPRESENTATION_CONTEXT() REPRESENTATION_CONTEXT('2D SPACE',''
  ) );
#546 = PCURVE('',#547,#552);
#547 = PLANE('',#548);
#548 = AXIS2_PLACEMENT_3D('',#549,#550,#551);
#549 = CARTESIAN_POINT('',(244.,186.6,391.));
#550 = DIRECTION('',(1.,0.,0.));
#551 = DIRECTION('',(0.,0.,1.));
#552 = DEFINITIONAL_REPRESENTATION('',(#553),#557);
#553 = LINE('',#554,#555);
#554 = CARTESIAN_POINT('',(35.,0.));
#555 = VECTOR('',#556,1.);
#556 = DIRECTION('',(0.,-1.));
#557 = ( GEOMETRIC_REPRESENTATION_CONTEXT(2) 
PARAMETRIC_REPRESENTATION_CONTEXT() REPRESENTATION_CONTEXT('2D SPACE',''
  ) );
#558 = ORIENTED_EDGE('',*,*,#559,.T.);
#559 = EDGE_CURVE('',#532,#560,#562,.T.);
#560 = VERTEX_POINT('',#561);
#561 = CARTESIAN_POINT('',(-244.,189.6,426.));
#562 = SURFACE_CURVE('',#563,(#567,#574),.PCURVE_S1.);
#563 = LINE('',#564,#565);
#564 = CARTESIAN_POINT('',(244.,189.6,426.));
#565 = VECTOR('',#566,1.);
#566 = DIRECTION('',(-1.,0.,0.));
#567 = PCURVE('',#44,#568);
#568 = DEFINITIONAL_REPRESENTATION('',(#569),#573);
#569 = LINE('',#570,#571);
#570 = CARTESIAN_POINT('',(444.,379.2));
#571 = VECTOR('',#572,1.);
#572 = DIRECTION('',(-1.,0.));
#573 = ( GEOMETRIC_REPRESENTATION_CONTEXT(2) 
PARAMETRIC_REPRESENTATION_CONTEXT() REPRESENTATION_CONTEXT('2D SPACE',''
  ) );
#574 = PCURVE('',#575,#580);
#575 = PLANE('',#576);
#576 = AXIS2_PLACEMENT_3D('',#577,#578,#579);
#577 = CARTESIAN_POINT('',(-200.,189.6,420.));
#578 = DIRECTION('',(0.,1.,0.));
#579 = DIRECTION('',(0.,0.,1.));
#580 = DEFINITIONAL_REPRESENTATION('',(#581),#585);
#581 = LINE('',#582,#583);
#582 = CARTESIAN_POINT('',(6.,444.));
#583 = VECTOR('',#584,1.);
#584 = DIRECTION('',(0.,-1.));
#585 = ( GEOMETRIC_REPRESENTATION_CONTEXT(2) 
PARAMETRIC_REPRESENTATION_CONTEXT() REPRESENTATION_CONTEXT('2D SPACE',''
  ) );
#586 = ORIENTED_EDGE('',*,*,#587,.F.);
#587 = EDGE_CURVE('',#588,#560,#590,.T.);
#588 = VERTEX_POINT('',#589);
#589 = CARTESIAN_POINT('',(-244.,186.6,426.));
#590 = SURFACE_CURVE('',#591,(#595,#602),.PCURVE_S1.);
#591 = LINE('',#592,#593);
#592 = CARTESIAN_POINT('',(-244.,186.6,426.));
#593 = VECTOR('',#594,1.);
#594 = DIRECTION('',(0.,1.,0.));
#595 = PCURVE('',#44,#596);
#596 = DEFINITIONAL_REPRESENTATION('',(#597),#601);
#597 = LINE('',#598,#599);
#598 = CARTESIAN_POINT('',(-44.,376.2));
#599 = VECTOR('',#600,1.);
#600 = DIRECTION('',(0.,1.));
#601 = ( GEOMETRIC_REPRESENTATION_CONTEXT(2) 
PARAMETRIC_REPRESENTATION_CONTEXT() REPRESENTATION_CONTEXT('2D SPACE',''
  ) );
#602 = PCURVE('',#603,#608);
#603 = PLANE('',#604);
#604 = AXIS2_PLACEMENT_3D('',#605,#606,#607);
#605 = CARTESIAN_POINT('',(-244.,186.6,391.));
#606 = DIRECTION('',(1.,0.,0.));
#607 = DIRECTION('',(0.,0.,1.));
#608 = DEFINITIONAL_REPRESENTATION('',(#609),#613);
#609 = LINE('',#610,#611);
#610 = CARTESIAN_POINT('',(35.,0.));
#611 = VECTOR('',#612,1.);
#612 = DIRECTION('',(0.,-1.));
#613 = ( GEOMETRIC_REPRESENTATION_CONTEXT(2) 
PARAMETRIC_REPRESENTATION_CONTEXT() REPRESENTATION_CONTEXT('2D SPACE',''
  ) );
#614 = ORIENTED_EDGE('',*,*,#615,.T.);
#615 = EDGE_CURVE('',#588,#616,#618,.T.);
#616 = VERTEX_POINT('',#617);
#617 = CARTESIAN_POINT('',(-158.7349939951,186.6,426.));
#618 = SURFACE_CURVE('',#619,(#623,#630),.PCURVE_S1.);
#619 = LINE('',#620,#621);
#620 = CARTESIAN_POINT('',(-244.,186.6,426.));
#621 = VECTOR('',#622,1.);
#622 = DIRECTION('',(1.,0.,0.));
#623 = PCURVE('',#44,#624);
#624 = DEFINITIONAL_REPRESENTATION('',(#625),#629);
#625 = LINE('',#626,#627);
#626 = CARTESIAN_POINT('',(-44.,376.2));
#627 = VECTOR('',#628,1.);
#628 = DIRECTION('',(1.,0.));
#629 = ( GEOMETRIC_REPRESENTATION_CONTEXT(2) 
PARAMETRIC_REPRESENTATION_CONTEXT() REPRESENTATION_CONTEXT('2D SPACE',''
  ) );
#630 = PCURVE('',#519,#631);
#631 = DEFINITIONAL_REPRESENTATION('',(#632),#636);
#632 = LINE('',#633,#634);
#633 = CARTESIAN_POINT('',(35.,0.));
#634 = VECTOR('',#635,1.);
#635 = DIRECTION('',(0.,1.));
#636 = ( GEOMETRIC_REPRESENTATION_CONTEXT(2) 
PARAMETRIC_REPRESENTATION_CONTEXT() REPRESENTATION_CONTEXT('2D SPACE',''
  ) );
#637 = ORIENTED_EDGE('',*,*,#638,.F.);
#638 = EDGE_CURVE('',#24,#616,#639,.T.);
#639 = SURFACE_CURVE('',#640,(#645,#656),.PCURVE_S1.);
#640 = CIRCLE('',#641,60.);
#641 = AXIS2_PLACEMENT_3D('',#642,#643,#644);
#642 = CARTESIAN_POINT('',(-140.,129.6,426.));
#643 = DIRECTION('',(-0.,-0.,-1.));
#644 = DIRECTION('',(0.,-1.,0.));
#645 = PCURVE('',#44,#646);
#646 = DEFINITIONAL_REPRESENTATION('',(#647),#655);
#647 = ( BOUNDED_CURVE() B_SPLINE_CURVE(2,(#648,#649,#650,#651,#652,#653
,#654),.UNSPECIFIED.,.T.,.F.) B_SPLINE_CURVE_WITH_KNOTS((1,2,2,2,2,1),(
    -2.094395102393,0.,2.094395102393,4.188790204786,6.28318530718,
8.377580409573),.UNSPECIFIED.) CURVE() GEOMETRIC_REPRESENTATION_ITEM() 
RATIONAL_B_SPLINE_CURVE((1.,0.5,1.,0.5,1.,0.5,1.)) REPRESENTATION_ITEM(
  '') );
#648 = CARTESIAN_POINT('',(60.,259.2));
#649 = CARTESIAN_POINT('',(-43.92304845413,259.2));
#650 = CARTESIAN_POINT('',(8.038475772934,349.2));
#651 = CARTESIAN_POINT('',(60.,439.2));
#652 = CARTESIAN_POINT('',(111.96152422706,349.2));
#653 = CARTESIAN_POINT('',(163.92304845413,259.2));
#654 = CARTESIAN_POINT('',(60.,259.2));
#655 = ( GEOMETRIC_REPRESENTATION_CONTEXT(2) 
PARAMETRIC_REPRESENTATION_CONTEXT() REPRESENTATION_CONTEXT('2D SPACE',''
  ) );
#656 = PCURVE('',#126,#657);
#657 = DEFINITIONAL_REPRESENTATION('',(#658),#662);
#658 = LINE('',#659,#660);
#659 = CARTESIAN_POINT('',(1.570796326795,6.));
#660 = VECTOR('',#661,1.);
#661 = DIRECTION('',(-1.,0.));
#662 = ( GEOMETRIC_REPRESENTATION_CONTEXT(2) 
PARAMETRIC_REPRESENTATION_CONTEXT() REPRESENTATION_CONTEXT('2D SPACE',''
  ) );
#663 = FACE_BOUND('',#664,.T.);
#664 = EDGE_LOOP('',(#665));
#665 = ORIENTED_EDGE('',*,*,#666,.T.);
#666 = EDGE_CURVE('',#667,#667,#669,.T.);
#667 = VERTEX_POINT('',#668);
#668 = CARTESIAN_POINT('',(160.,0.,426.));
#669 = SURFACE_CURVE('',#670,(#675,#686),.PCURVE_S1.);
#670 = CIRCLE('',#671,160.);
#671 = AXIS2_PLACEMENT_3D('',#672,#673,#674);
#672 = CARTESIAN_POINT('',(0.,0.,426.));
#673 = DIRECTION('',(0.,0.,-1.));
#674 = DIRECTION('',(1.,0.,0.));
#675 = PCURVE('',#44,#676);
#676 = DEFINITIONAL_REPRESENTATION('',(#677),#685);
#677 = ( BOUNDED_CURVE() B_SPLINE_CURVE(2,(#678,#679,#680,#681,#682,#683
,#684),.UNSPECIFIED.,.T.,.F.) B_SPLINE_CURVE_WITH_KNOTS((1,2,2,2,2,1),(
    -2.094395102393,0.,2.094395102393,4.188790204786,6.28318530718,
8.377580409573),.UNSPECIFIED.) CURVE() GEOMETRIC_REPRESENTATION_ITEM() 
RATIONAL_B_SPLINE_CURVE((1.,0.5,1.,0.5,1.,0.5,1.)) REPRESENTATION_ITEM(
  '') );
#678 = CARTESIAN_POINT('',(360.,189.6));
#679 = CARTESIAN_POINT('',(360.,-87.52812921102));
#680 = CARTESIAN_POINT('',(120.,51.03593539449));
#681 = CARTESIAN_POINT('',(-120.,189.6));
#682 = CARTESIAN_POINT('',(120.,328.16406460551));
#683 = CARTESIAN_POINT('',(360.,466.72812921102));
#684 = CARTESIAN_POINT('',(360.,189.6));
#685 = ( GEOMETRIC_REPRESENTATION_CONTEXT(2) 
PARAMETRIC_REPRESENTATION_CONTEXT() REPRESENTATION_CONTEXT('2D SPACE',''
  ) );
#686 = PCURVE('',#687,#692);
#687 = CYLINDRICAL_SURFACE('',#688,160.);
#688 = AXIS2_PLACEMENT_3D('',#689,#690,#691);
#689 = CARTESIAN_POINT('',(0.,0.,398.));
#690 = DIRECTION('',(-0.,-0.,-1.));
#691 = DIRECTION('',(1.,0.,0.));
#692 = DEFINITIONAL_REPRESENTATION('',(#693),#697);
#693 = LINE('',#694,#695);
#694 = CARTESIAN_POINT('',(-6.28318530718,-28.));
#695 = VECTOR('',#696,1.);
#696 = DIRECTION('',(1.,-0.));
#697 = ( GEOMETRIC_REPRESENTATION_CONTEXT(2) 
PARAMETRIC_REPRESENTATION_CONTEXT() REPRESENTATION_CONTEXT('2D SPACE',''
  ) );
#698 = ADVANCED_FACE('',(#699),#72,.T.);
#699 = FACE_BOUND('',#700,.T.);
#700 = EDGE_LOOP('',(#701,#702,#726,#747));
#701 = ORIENTED_EDGE('',*,*,#56,.F.);
#702 = ORIENTED_EDGE('',*,*,#703,.T.);
#703 = EDGE_CURVE('',#57,#704,#706,.T.);
#704 = VERTEX_POINT('',#705);
#705 = CARTESIAN_POINT('',(-158.7349939951,-186.6,420.));
#706 = SURFACE_CURVE('',#707,(#712,#719),.PCURVE_S1.);
#707 = CIRCLE('',#708,60.);
#708 = AXIS2_PLACEMENT_3D('',#709,#710,#711);
#709 = CARTESIAN_POINT('',(-140.,-129.6,420.));
#710 = DIRECTION('',(0.,0.,1.));
#711 = DIRECTION('',(0.,-1.,0.));
#712 = PCURVE('',#72,#713);
#713 = DEFINITIONAL_REPRESENTATION('',(#714),#718);
#714 = LINE('',#715,#716);
#715 = CARTESIAN_POINT('',(-4.712388980385,0.));
#716 = VECTOR('',#717,1.);
#717 = DIRECTION('',(1.,0.));
#718 = ( GEOMETRIC_REPRESENTATION_CONTEXT(2) 
PARAMETRIC_REPRESENTATION_CONTEXT() REPRESENTATION_CONTEXT('2D SPACE',''
  ) );
#719 = PCURVE('',#100,#720);
#720 = DEFINITIONAL_REPRESENTATION('',(#721),#725);
#721 = CIRCLE('',#722,60.);
#722 = AXIS2_PLACEMENT_2D('',#723,#724);
#723 = CARTESIAN_POINT('',(60.,60.));
#724 = DIRECTION('',(0.,-1.));
#725 = ( GEOMETRIC_REPRESENTATION_CONTEXT(2) 
PARAMETRIC_REPRESENTATION_CONTEXT() REPRESENTATION_CONTEXT('2D SPACE',''
  ) );
#726 = ORIENTED_EDGE('',*,*,#727,.T.);
#727 = EDGE_CURVE('',#704,#143,#728,.T.);
#728 = SURFACE_CURVE('',#729,(#733,#740),.PCURVE_S1.);
#729 = LINE('',#730,#731);
#730 = CARTESIAN_POINT('',(-158.7349939951,-186.6,420.));
#731 = VECTOR('',#732,1.);
#732 = DIRECTION('',(0.,0.,1.));
#733 = PCURVE('',#72,#734);
#734 = DEFINITIONAL_REPRESENTATION('',(#735),#739);
#735 = LINE('',#736,#737);
#736 = CARTESIAN_POINT('',(1.253235897503,0.));
#737 = VECTOR('',#738,1.);
#738 = DIRECTION('',(0.,1.));
#739 = ( GEOMETRIC_REPRESENTATION_CONTEXT(2) 
PARAMETRIC_REPRESENTATION_CONTEXT() REPRESENTATION_CONTEXT('2D SPACE',''
  ) );
#740 = PCURVE('',#182,#741);
#741 = DEFINITIONAL_REPRESENTATION('',(#742),#746);
#742 = LINE('',#743,#744);
#743 = CARTESIAN_POINT('',(29.,85.265006004805));
#744 = VECTOR('',#745,1.);
#745 = DIRECTION('',(1.,0.));
#746 = ( GEOMETRIC_REPRESENTATION_CONTEXT(2) 
PARAMETRIC_REPRESENTATION_CONTEXT() REPRESENTATION_CONTEXT('2D SPACE',''
  ) );
#747 = ORIENTED_EDGE('',*,*,#142,.F.);
#748 = ADVANCED_FACE('',(#749),#126,.T.);
#749 = FACE_BOUND('',#750,.F.);
#750 = EDGE_LOOP('',(#751,#752,#780,#801));
#751 = ORIENTED_EDGE('',*,*,#112,.F.);
#752 = ORIENTED_EDGE('',*,*,#753,.T.);
#753 = EDGE_CURVE('',#85,#754,#756,.T.);
#754 = VERTEX_POINT('',#755);
#755 = CARTESIAN_POINT('',(-158.7349939951,186.6,420.));
#756 = SURFACE_CURVE('',#757,(#762,#769),.PCURVE_S1.);
#757 = CIRCLE('',#758,60.);
#758 = AXIS2_PLACEMENT_3D('',#759,#760,#761);
#759 = CARTESIAN_POINT('',(-140.,129.6,420.));
#760 = DIRECTION('',(-0.,-0.,-1.));
#761 = DIRECTION('',(0.,-1.,0.));
#762 = PCURVE('',#126,#763);
#763 = DEFINITIONAL_REPRESENTATION('',(#764),#768);
#764 = LINE('',#765,#766);
#765 = CARTESIAN_POINT('',(1.570796326795,-0.));
#766 = VECTOR('',#767,1.);
#767 = DIRECTION('',(-1.,0.));
#768 = ( GEOMETRIC_REPRESENTATION_CONTEXT(2) 
PARAMETRIC_REPRESENTATION_CONTEXT() REPRESENTATION_CONTEXT('2D SPACE',''
  ) );
#769 = PCURVE('',#100,#770);
#770 = DEFINITIONAL_REPRESENTATION('',(#771),#779);
#771 = ( BOUNDED_CURVE() B_SPLINE_CURVE(2,(#772,#773,#774,#775,#776,#777
,#778),.UNSPECIFIED.,.T.,.F.) B_SPLINE_CURVE_WITH_KNOTS((1,2,2,2,2,1),(
    -2.094395102393,0.,2.094395102393,4.188790204786,6.28318530718,
8.377580409573),.UNSPECIFIED.) CURVE() GEOMETRIC_REPRESENTATION_ITEM() 
RATIONAL_B_SPLINE_CURVE((1.,0.5,1.,0.5,1.,0.5,1.)) REPRESENTATION_ITEM(
  '') );
#772 = CARTESIAN_POINT('',(60.,259.2));
#773 = CARTESIAN_POINT('',(-43.92304845413,259.2));
#774 = CARTESIAN_POINT('',(8.038475772934,349.2));
#775 = CARTESIAN_POINT('',(60.,439.2));
#776 = CARTESIAN_POINT('',(111.96152422706,349.2));
#777 = CARTESIAN_POINT('',(163.92304845413,259.2));
#778 = CARTESIAN_POINT('',(60.,259.2));
#779 = ( GEOMETRIC_REPRESENTATION_CONTEXT(2) 
PARAMETRIC_REPRESENTATION_CONTEXT() REPRESENTATION_CONTEXT('2D SPACE',''
  ) );
#780 = ORIENTED_EDGE('',*,*,#781,.T.);
#781 = EDGE_CURVE('',#754,#616,#782,.T.);
#782 = SURFACE_CURVE('',#783,(#787,#794),.PCURVE_S1.);
#783 = LINE('',#784,#785);
#784 = CARTESIAN_POINT('',(-158.7349939951,186.6,420.));
#785 = VECTOR('',#786,1.);
#786 = DIRECTION('',(0.,0.,1.));
#787 = PCURVE('',#126,#788);
#788 = DEFINITIONAL_REPRESENTATION('',(#789),#793);
#789 = LINE('',#790,#791);
#790 = CARTESIAN_POINT('',(-1.253235897503,0.));
#791 = VECTOR('',#792,1.);
#792 = DIRECTION('',(-0.,1.));
#793 = ( GEOMETRIC_REPRESENTATION_CONTEXT(2) 
PARAMETRIC_REPRESENTATION_CONTEXT() REPRESENTATION_CONTEXT('2D SPACE',''
  ) );
#794 = PCURVE('',#519,#795);
#795 = DEFINITIONAL_REPRESENTATION('',(#796),#800);
#796 = LINE('',#797,#798);
#797 = CARTESIAN_POINT('',(29.,85.265006004805));
#798 = VECTOR('',#799,1.);
#799 = DIRECTION('',(1.,0.));
#800 = ( GEOMETRIC_REPRESENTATION_CONTEXT(2) 
PARAMETRIC_REPRESENTATION_CONTEXT() REPRESENTATION_CONTEXT('2D SPACE',''
  ) );
#801 = ORIENTED_EDGE('',*,*,#638,.F.);
#802 = ADVANCED_FACE('',(#803,#1029),#100,.F.);
#803 = FACE_BOUND('',#804,.F.);
#804 = EDGE_LOOP('',(#805,#806,#807,#830,#858,#881,#909,#932,#960,#983,
    #1007,#1028));
#805 = ORIENTED_EDGE('',*,*,#84,.F.);
#806 = ORIENTED_EDGE('',*,*,#703,.T.);
#807 = ORIENTED_EDGE('',*,*,#808,.F.);
#808 = EDGE_CURVE('',#809,#704,#811,.T.);
#809 = VERTEX_POINT('',#810);
#810 = CARTESIAN_POINT('',(158.73499399519,-186.6,420.));
#811 = SURFACE_CURVE('',#812,(#816,#823),.PCURVE_S1.);
#812 = LINE('',#813,#814);
#813 = CARTESIAN_POINT('',(-222.,-186.6,420.));
#814 = VECTOR('',#815,1.);
#815 = DIRECTION('',(-1.,0.,0.));
#816 = PCURVE('',#100,#817);
#817 = DEFINITIONAL_REPRESENTATION('',(#818),#822);
#818 = LINE('',#819,#820);
#819 = CARTESIAN_POINT('',(-22.,3.));
#820 = VECTOR('',#821,1.);
#821 = DIRECTION('',(-1.,0.));
#822 = ( GEOMETRIC_REPRESENTATION_CONTEXT(2) 
PARAMETRIC_REPRESENTATION_CONTEXT() REPRESENTATION_CONTEXT('2D SPACE',''
  ) );
#823 = PCURVE('',#182,#824);
#824 = DEFINITIONAL_REPRESENTATION('',(#825),#829);
#825 = LINE('',#826,#827);
#826 = CARTESIAN_POINT('',(29.,22.));
#827 = VECTOR('',#828,1.);
#828 = DIRECTION('',(0.,-1.));
#829 = ( GEOMETRIC_REPRESENTATION_CONTEXT(2) 
PARAMETRIC_REPRESENTATION_CONTEXT() REPRESENTATION_CONTEXT('2D SPACE',''
  ) );
#830 = ORIENTED_EDGE('',*,*,#831,.F.);
#831 = EDGE_CURVE('',#832,#809,#834,.T.);
#832 = VERTEX_POINT('',#833);
#833 = CARTESIAN_POINT('',(200.,-129.6,420.));
#834 = SURFACE_CURVE('',#835,(#840,#851),.PCURVE_S1.);
#835 = CIRCLE('',#836,60.);
#836 = AXIS2_PLACEMENT_3D('',#837,#838,#839);
#837 = CARTESIAN_POINT('',(140.,-129.6,420.));
#838 = DIRECTION('',(-0.,-0.,-1.));
#839 = DIRECTION('',(0.,-1.,0.));
#840 = PCURVE('',#100,#841);
#841 = DEFINITIONAL_REPRESENTATION('',(#842),#850);
#842 = ( BOUNDED_CURVE() B_SPLINE_CURVE(2,(#843,#844,#845,#846,#847,#848
,#849),.UNSPECIFIED.,.T.,.F.) B_SPLINE_CURVE_WITH_KNOTS((1,2,2,2,2,1),(
    -2.094395102393,0.,2.094395102393,4.188790204786,6.28318530718,
8.377580409573),.UNSPECIFIED.) CURVE() GEOMETRIC_REPRESENTATION_ITEM() 
RATIONAL_B_SPLINE_CURVE((1.,0.5,1.,0.5,1.,0.5,1.)) REPRESENTATION_ITEM(
  '') );
#843 = CARTESIAN_POINT('',(340.,0.));
#844 = CARTESIAN_POINT('',(236.07695154586,0.));
#845 = CARTESIAN_POINT('',(288.03847577293,90.));
#846 = CARTESIAN_POINT('',(340.,180.));
#847 = CARTESIAN_POINT('',(391.96152422706,90.));
#848 = CARTESIAN_POINT('',(443.92304845413,9.237055564881E-14));
#849 = CARTESIAN_POINT('',(340.,0.));
#850 = ( GEOMETRIC_REPRESENTATION_CONTEXT(2) 
PARAMETRIC_REPRESENTATION_CONTEXT() REPRESENTATION_CONTEXT('2D SPACE',''
  ) );
#851 = PCURVE('',#322,#852);
#852 = DEFINITIONAL_REPRESENTATION('',(#853),#857);
#853 = LINE('',#854,#855);
#854 = CARTESIAN_POINT('',(4.712388980385,-0.));
#855 = VECTOR('',#856,1.);
#856 = DIRECTION('',(-1.,0.));
#857 = ( GEOMETRIC_REPRESENTATION_CONTEXT(2) 
PARAMETRIC_REPRESENTATION_CONTEXT() REPRESENTATION_CONTEXT('2D SPACE',''
  ) );
#858 = ORIENTED_EDGE('',*,*,#859,.T.);
#859 = EDGE_CURVE('',#832,#860,#862,.T.);
#860 = VERTEX_POINT('',#861);
#861 = CARTESIAN_POINT('',(200.,-57.,420.));
#862 = SURFACE_CURVE('',#863,(#867,#874),.PCURVE_S1.);
#863 = LINE('',#864,#865);
#864 = CARTESIAN_POINT('',(200.,-189.6,420.));
#865 = VECTOR('',#866,1.);
#866 = DIRECTION('',(0.,1.,0.));
#867 = PCURVE('',#100,#868);
#868 = DEFINITIONAL_REPRESENTATION('',(#869),#873);
#869 = LINE('',#870,#871);
#870 = CARTESIAN_POINT('',(400.,0.));
#871 = VECTOR('',#872,1.);
#872 = DIRECTION('',(0.,1.));
#873 = ( GEOMETRIC_REPRESENTATION_CONTEXT(2) 
PARAMETRIC_REPRESENTATION_CONTEXT() REPRESENTATION_CONTEXT('2D SPACE',''
  ) );
#874 = PCURVE('',#350,#875);
#875 = DEFINITIONAL_REPRESENTATION('',(#876),#880);
#876 = LINE('',#877,#878);
#877 = CARTESIAN_POINT('',(0.,0.));
#878 = VECTOR('',#879,1.);
#879 = DIRECTION('',(0.,-1.));
#880 = ( GEOMETRIC_REPRESENTATION_CONTEXT(2) 
PARAMETRIC_REPRESENTATION_CONTEXT() REPRESENTATION_CONTEXT('2D SPACE',''
  ) );
#881 = ORIENTED_EDGE('',*,*,#882,.T.);
#882 = EDGE_CURVE('',#860,#883,#885,.T.);
#883 = VERTEX_POINT('',#884);
#884 = CARTESIAN_POINT('',(200.,-51.,420.));
#885 = SURFACE_CURVE('',#886,(#890,#897),.PCURVE_S1.);
#886 = LINE('',#887,#888);
#887 = CARTESIAN_POINT('',(200.,-60.,420.));
#888 = VECTOR('',#889,1.);
#889 = DIRECTION('',(0.,1.,0.));
#890 = PCURVE('',#100,#891);
#891 = DEFINITIONAL_REPRESENTATION('',(#892),#896);
#892 = LINE('',#893,#894);
#893 = CARTESIAN_POINT('',(400.,129.6));
#894 = VECTOR('',#895,1.);
#895 = DIRECTION('',(0.,1.));
#896 = ( GEOMETRIC_REPRESENTATION_CONTEXT(2) 
PARAMETRIC_REPRESENTATION_CONTEXT() REPRESENTATION_CONTEXT('2D SPACE',''
  ) );
#897 = PCURVE('',#898,#903);
#898 = CYLINDRICAL_SURFACE('',#899,3.);
#899 = AXIS2_PLACEMENT_3D('',#900,#901,#902);
#900 = CARTESIAN_POINT('',(203.,-60.,420.));
#901 = DIRECTION('',(0.,1.,0.));
#902 = DIRECTION('',(-1.,0.,0.));
#903 = DEFINITIONAL_REPRESENTATION('',(#904),#908);
#904 = LINE('',#905,#906);
#905 = CARTESIAN_POINT('',(-0.,0.));
#906 = VECTOR('',#907,1.);
#907 = DIRECTION('',(-0.,1.));
#908 = ( GEOMETRIC_REPRESENTATION_CONTEXT(2) 
PARAMETRIC_REPRESENTATION_CONTEXT() REPRESENTATION_CONTEXT('2D SPACE',''
  ) );
#909 = ORIENTED_EDGE('',*,*,#910,.T.);
#910 = EDGE_CURVE('',#883,#911,#913,.T.);
#911 = VERTEX_POINT('',#912);
#912 = CARTESIAN_POINT('',(200.,51.,420.));
#913 = SURFACE_CURVE('',#914,(#918,#925),.PCURVE_S1.);
#914 = LINE('',#915,#916);
#915 = CARTESIAN_POINT('',(200.,-189.6,420.));
#916 = VECTOR('',#917,1.);
#917 = DIRECTION('',(0.,1.,0.));
#918 = PCURVE('',#100,#919);
#919 = DEFINITIONAL_REPRESENTATION('',(#920),#924);
#920 = LINE('',#921,#922);
#921 = CARTESIAN_POINT('',(400.,0.));
#922 = VECTOR('',#923,1.);
#923 = DIRECTION('',(0.,1.));
#924 = ( GEOMETRIC_REPRESENTATION_CONTEXT(2) 
PARAMETRIC_REPRESENTATION_CONTEXT() REPRESENTATION_CONTEXT('2D SPACE',''
  ) );
#925 = PCURVE('',#406,#926);
#926 = DEFINITIONAL_REPRESENTATION('',(#927),#931);
#927 = LINE('',#928,#929);
#928 = CARTESIAN_POINT('',(0.,0.));
#929 = VECTOR('',#930,1.);
#930 = DIRECTION('',(0.,-1.));
#931 = ( GEOMETRIC_REPRESENTATION_CONTEXT(2) 
PARAMETRIC_REPRESENTATION_CONTEXT() REPRESENTATION_CONTEXT('2D SPACE',''
  ) );
#932 = ORIENTED_EDGE('',*,*,#933,.T.);
#933 = EDGE_CURVE('',#911,#934,#936,.T.);
#934 = VERTEX_POINT('',#935);
#935 = CARTESIAN_POINT('',(200.,57.,420.));
#936 = SURFACE_CURVE('',#937,(#941,#948),.PCURVE_S1.);
#937 = LINE('',#938,#939);
#938 = CARTESIAN_POINT('',(200.,48.,420.));
#939 = VECTOR('',#940,1.);
#940 = DIRECTION('',(0.,1.,0.));
#941 = PCURVE('',#100,#942);
#942 = DEFINITIONAL_REPRESENTATION('',(#943),#947);
#943 = LINE('',#944,#945);
#944 = CARTESIAN_POINT('',(400.,237.6));
#945 = VECTOR('',#946,1.);
#946 = DIRECTION('',(0.,1.));
#947 = ( GEOMETRIC_REPRESENTATION_CONTEXT(2) 
PARAMETRIC_REPRESENTATION_CONTEXT() REPRESENTATION_CONTEXT('2D SPACE',''
  ) );
#948 = PCURVE('',#949,#954);
#949 = CYLINDRICAL_SURFACE('',#950,3.);
#950 = AXIS2_PLACEMENT_3D('',#951,#952,#953);
#951 = CARTESIAN_POINT('',(203.,48.,420.));
#952 = DIRECTION('',(0.,1.,0.));
#953 = DIRECTION('',(0.,0.,-1.));
#954 = DEFINITIONAL_REPRESENTATION('',(#955),#959);
#955 = LINE('',#956,#957);
#956 = CARTESIAN_POINT('',(1.570796326795,0.));
#957 = VECTOR('',#958,1.);
#958 = DIRECTION('',(0.,1.));
#959 = ( GEOMETRIC_REPRESENTATION_CONTEXT(2) 
PARAMETRIC_REPRESENTATION_CONTEXT() REPRESENTATION_CONTEXT('2D SPACE',''
  ) );
#960 = ORIENTED_EDGE('',*,*,#961,.T.);
#961 = EDGE_CURVE('',#934,#962,#964,.T.);
#962 = VERTEX_POINT('',#963);
#963 = CARTESIAN_POINT('',(200.,129.6,420.));
#964 = SURFACE_CURVE('',#965,(#969,#976),.PCURVE_S1.);
#965 = LINE('',#966,#967);
#966 = CARTESIAN_POINT('',(200.,-189.6,420.));
#967 = VECTOR('',#968,1.);
#968 = DIRECTION('',(0.,1.,0.));
#969 = PCURVE('',#100,#970);
#970 = DEFINITIONAL_REPRESENTATION('',(#971),#975);
#971 = LINE('',#972,#973);
#972 = CARTESIAN_POINT('',(400.,0.));
#973 = VECTOR('',#974,1.);
#974 = DIRECTION('',(0.,1.));
#975 = ( GEOMETRIC_REPRESENTATION_CONTEXT(2) 
PARAMETRIC_REPRESENTATION_CONTEXT() REPRESENTATION_CONTEXT('2D SPACE',''
  ) );
#976 = PCURVE('',#462,#977);
#977 = DEFINITIONAL_REPRESENTATION('',(#978),#982);
#978 = LINE('',#979,#980);
#979 = CARTESIAN_POINT('',(0.,0.));
#980 = VECTOR('',#981,1.);
#981 = DIRECTION('',(0.,-1.));
#982 = ( GEOMETRIC_REPRESENTATION_CONTEXT(2) 
PARAMETRIC_REPRESENTATION_CONTEXT() REPRESENTATION_CONTEXT('2D SPACE',''
  ) );
#983 = ORIENTED_EDGE('',*,*,#984,.T.);
#984 = EDGE_CURVE('',#962,#985,#987,.T.);
#985 = VERTEX_POINT('',#986);
#986 = CARTESIAN_POINT('',(158.73499399519,186.6,420.));
#987 = SURFACE_CURVE('',#988,(#993,#1000),.PCURVE_S1.);
#988 = CIRCLE('',#989,60.);
#989 = AXIS2_PLACEMENT_3D('',#990,#991,#992);
#990 = CARTESIAN_POINT('',(140.,129.6,420.));
#991 = DIRECTION('',(0.,0.,1.));
#992 = DIRECTION('',(0.,-1.,0.));
#993 = PCURVE('',#100,#994);
#994 = DEFINITIONAL_REPRESENTATION('',(#995),#999);
#995 = CIRCLE('',#996,60.);
#996 = AXIS2_PLACEMENT_2D('',#997,#998);
#997 = CARTESIAN_POINT('',(340.,319.2));
#998 = DIRECTION('',(0.,-1.));
#999 = ( GEOMETRIC_REPRESENTATION_CONTEXT(2) 
PARAMETRIC_REPRESENTATION_CONTEXT() REPRESENTATION_CONTEXT('2D SPACE',''
  ) );
#1000 = PCURVE('',#491,#1001);
#1001 = DEFINITIONAL_REPRESENTATION('',(#1002),#1006);
#1002 = LINE('',#1003,#1004);
#1003 = CARTESIAN_POINT('',(-1.570796326795,0.));
#1004 = VECTOR('',#1005,1.);
#1005 = DIRECTION('',(1.,0.));
#1006 = ( GEOMETRIC_REPRESENTATION_CONTEXT(2) 
PARAMETRIC_REPRESENTATION_CONTEXT() REPRESENTATION_CONTEXT('2D SPACE',''
  ) );
#1007 = ORIENTED_EDGE('',*,*,#1008,.T.);
#1008 = EDGE_CURVE('',#985,#754,#1009,.T.);
#1009 = SURFACE_CURVE('',#1010,(#1014,#1021),.PCURVE_S1.);
#1010 = LINE('',#1011,#1012);
#1011 = CARTESIAN_POINT('',(-222.,186.6,420.));
#1012 = VECTOR('',#1013,1.);
#1013 = DIRECTION('',(-1.,0.,0.));
#1014 = PCURVE('',#100,#1015);
#1015 = DEFINITIONAL_REPRESENTATION('',(#1016),#1020);
#1016 = LINE('',#1017,#1018);
#1017 = CARTESIAN_POINT('',(-22.,376.2));
#1018 = VECTOR('',#1019,1.);
#1019 = DIRECTION('',(-1.,0.));
#1020 = ( GEOMETRIC_REPRESENTATION_CONTEXT(2) 
PARAMETRIC_REPRESENTATION_CONTEXT() REPRESENTATION_CONTEXT('2D SPACE',''
  ) );
#1021 = PCURVE('',#519,#1022);
#1022 = DEFINITIONAL_REPRESENTATION('',(#1023),#1027);
#1023 = LINE('',#1024,#1025);
#1024 = CARTESIAN_POINT('',(29.,22.));
#1025 = VECTOR('',#1026,1.);
#1026 = DIRECTION('',(0.,-1.));
#1027 = ( GEOMETRIC_REPRESENTATION_CONTEXT(2) 
PARAMETRIC_REPRESENTATION_CONTEXT() REPRESENTATION_CONTEXT('2D SPACE',''
  ) );
#1028 = ORIENTED_EDGE('',*,*,#753,.F.);
#1029 = FACE_BOUND('',#1030,.F.);
#1030 = EDGE_LOOP('',(#1031));
#1031 = ORIENTED_EDGE('',*,*,#1032,.T.);
#1032 = EDGE_CURVE('',#1033,#1033,#1035,.T.);
#1033 = VERTEX_POINT('',#1034);
#1034 = CARTESIAN_POINT('',(160.,0.,420.));
#1035 = SURFACE_CURVE('',#1036,(#1041,#1052),.PCURVE_S1.);
#1036 = CIRCLE('',#1037,160.);
#1037 = AXIS2_PLACEMENT_3D('',#1038,#1039,#1040);
#1038 = CARTESIAN_POINT('',(0.,0.,420.));
#1039 = DIRECTION('',(0.,0.,-1.));
#1040 = DIRECTION('',(1.,0.,0.));
#1041 = PCURVE('',#100,#1042);
#1042 = DEFINITIONAL_REPRESENTATION('',(#1043),#1051);
#1043 = ( BOUNDED_CURVE() B_SPLINE_CURVE(2,(#1044,#1045,#1046,#1047,
#1048,#1049,#1050),.UNSPECIFIED.,.T.,.F.) B_SPLINE_CURVE_WITH_KNOTS((1,2
    ,2,2,2,1),(-2.094395102393,0.,2.094395102393,4.188790204786,
6.28318530718,8.377580409573),.UNSPECIFIED.) CURVE() 
GEOMETRIC_REPRESENTATION_ITEM() RATIONAL_B_SPLINE_CURVE((1.,0.5,1.,0.5,
1.,0.5,1.)) REPRESENTATION_ITEM('') );
#1044 = CARTESIAN_POINT('',(360.,189.6));
#1045 = CARTESIAN_POINT('',(360.,-87.52812921102));
#1046 = CARTESIAN_POINT('',(120.,51.03593539449));
#1047 = CARTESIAN_POINT('',(-120.,189.6));
#1048 = CARTESIAN_POINT('',(120.,328.16406460551));
#1049 = CARTESIAN_POINT('',(360.,466.72812921102));
#1050 = CARTESIAN_POINT('',(360.,189.6));
#1051 = ( GEOMETRIC_REPRESENTATION_CONTEXT(2) 
PARAMETRIC_REPRESENTATION_CONTEXT() REPRESENTATION_CONTEXT('2D SPACE',''
  ) );
#1052 = PCURVE('',#687,#1053);
#1053 = DEFINITIONAL_REPRESENTATION('',(#1054),#1058);
#1054 = LINE('',#1055,#1056);
#1055 = CARTESIAN_POINT('',(-6.28318530718,-22.));
#1056 = VECTOR('',#1057,1.);
#1057 = DIRECTION('',(1.,-0.));
#1058 = ( GEOMETRIC_REPRESENTATION_CONTEXT(2) 
PARAMETRIC_REPRESENTATION_CONTEXT() REPRESENTATION_CONTEXT('2D SPACE',''
  ) );
#1059 = ADVANCED_FACE('',(#1060),#182,.T.);
#1060 = FACE_BOUND('',#1061,.T.);
#1061 = EDGE_LOOP('',(#1062,#1085,#1113,#1134,#1135,#1136,#1137,#1158));
#1062 = ORIENTED_EDGE('',*,*,#1063,.F.);
#1063 = EDGE_CURVE('',#1064,#251,#1066,.T.);
#1064 = VERTEX_POINT('',#1065);
#1065 = CARTESIAN_POINT('',(244.,-186.6,391.));
#1066 = SURFACE_CURVE('',#1067,(#1071,#1078),.PCURVE_S1.);
#1067 = LINE('',#1068,#1069);
#1068 = CARTESIAN_POINT('',(244.,-186.6,391.));
#1069 = VECTOR('',#1070,1.);
#1070 = DIRECTION('',(0.,0.,1.));
#1071 = PCURVE('',#182,#1072);
#1072 = DEFINITIONAL_REPRESENTATION('',(#1073),#1077);
#1073 = LINE('',#1074,#1075);
#1074 = CARTESIAN_POINT('',(0.,488.));
#1075 = VECTOR('',#1076,1.);
#1076 = DIRECTION('',(1.,0.));
#1077 = ( GEOMETRIC_REPRESENTATION_CONTEXT(2) 
PARAMETRIC_REPRESENTATION_CONTEXT() REPRESENTATION_CONTEXT('2D SPACE',''
  ) );
#1078 = PCURVE('',#266,#1079);
#1079 = DEFINITIONAL_REPRESENTATION('',(#1080),#1084);
#1080 = LINE('',#1081,#1082);
#1081 = CARTESIAN_POINT('',(0.,-3.));
#1082 = VECTOR('',#1083,1.);
#1083 = DIRECTION('',(1.,0.));
#1084 = ( GEOMETRIC_REPRESENTATION_CONTEXT(2) 
PARAMETRIC_REPRESENTATION_CONTEXT() REPRESENTATION_CONTEXT('2D SPACE',''
  ) );
#1085 = ORIENTED_EDGE('',*,*,#1086,.F.);
#1086 = EDGE_CURVE('',#1087,#1064,#1089,.T.);
#1087 = VERTEX_POINT('',#1088);
#1088 = CARTESIAN_POINT('',(-244.,-186.6,391.));
#1089 = SURFACE_CURVE('',#1090,(#1094,#1101),.PCURVE_S1.);
#1090 = LINE('',#1091,#1092);
#1091 = CARTESIAN_POINT('',(-244.,-186.6,391.));
#1092 = VECTOR('',#1093,1.);
#1093 = DIRECTION('',(1.,0.,0.));
#1094 = PCURVE('',#182,#1095);
#1095 = DEFINITIONAL_REPRESENTATION('',(#1096),#1100);
#1096 = LINE('',#1097,#1098);
#1097 = CARTESIAN_POINT('',(0.,0.));
#1098 = VECTOR('',#1099,1.);
#1099 = DIRECTION('',(0.,1.));
#1100 = ( GEOMETRIC_REPRESENTATION_CONTEXT(2) 
PARAMETRIC_REPRESENTATION_CONTEXT() REPRESENTATION_CONTEXT('2D SPACE',''
  ) );
#1101 = PCURVE('',#1102,#1107);
#1102 = PLANE('',#1103);
#1103 = AXIS2_PLACEMENT_3D('',#1104,#1105,#1106);
#1104 = CARTESIAN_POINT('',(-244.,-189.6,391.));
#1105 = DIRECTION('',(0.,0.,1.));
#1106 = DIRECTION('',(1.,0.,0.));
#1107 = DEFINITIONAL_REPRESENTATION('',(#1108),#1112);
#1108 = LINE('',#1109,#1110);
#1109 = CARTESIAN_POINT('',(0.,3.));
#1110 = VECTOR('',#1111,1.);
#1111 = DIRECTION('',(1.,0.));
#1112 = ( GEOMETRIC_REPRESENTATION_CONTEXT(2) 
PARAMETRIC_REPRESENTATION_CONTEXT() REPRESENTATION_CONTEXT('2D SPACE',''
  ) );
#1113 = ORIENTED_EDGE('',*,*,#1114,.T.);
#1114 = EDGE_CURVE('',#1087,#167,#1115,.T.);
#1115 = SURFACE_CURVE('',#1116,(#1120,#1127),.PCURVE_S1.);
#1116 = LINE('',#1117,#1118);
#1117 = CARTESIAN_POINT('',(-244.,-186.6,391.));
#1118 = VECTOR('',#1119,1.);
#1119 = DIRECTION('',(0.,0.,1.));
#1120 = PCURVE('',#182,#1121);
#1121 = DEFINITIONAL_REPRESENTATION('',(#1122),#1126);
#1122 = LINE('',#1123,#1124);
#1123 = CARTESIAN_POINT('',(0.,0.));
#1124 = VECTOR('',#1125,1.);
#1125 = DIRECTION('',(1.,0.));
#1126 = ( GEOMETRIC_REPRESENTATION_CONTEXT(2) 
PARAMETRIC_REPRESENTATION_CONTEXT() REPRESENTATION_CONTEXT('2D SPACE',''
  ) );
#1127 = PCURVE('',#210,#1128);
#1128 = DEFINITIONAL_REPRESENTATION('',(#1129),#1133);
#1129 = LINE('',#1130,#1131);
#1130 = CARTESIAN_POINT('',(0.,-3.));
#1131 = VECTOR('',#1132,1.);
#1132 = DIRECTION('',(1.,0.));
#1133 = ( GEOMETRIC_REPRESENTATION_CONTEXT(2) 
PARAMETRIC_REPRESENTATION_CONTEXT() REPRESENTATION_CONTEXT('2D SPACE',''
  ) );
#1134 = ORIENTED_EDGE('',*,*,#166,.T.);
#1135 = ORIENTED_EDGE('',*,*,#727,.F.);
#1136 = ORIENTED_EDGE('',*,*,#808,.F.);
#1137 = ORIENTED_EDGE('',*,*,#1138,.T.);
#1138 = EDGE_CURVE('',#809,#279,#1139,.T.);
#1139 = SURFACE_CURVE('',#1140,(#1144,#1151),.PCURVE_S1.);
#1140 = LINE('',#1141,#1142);
#1141 = CARTESIAN_POINT('',(158.73499399519,-186.6,420.));
#1142 = VECTOR('',#1143,1.);
#1143 = DIRECTION('',(0.,0.,1.));
#1144 = PCURVE('',#182,#1145);
#1145 = DEFINITIONAL_REPRESENTATION('',(#1146),#1150);
#1146 = LINE('',#1147,#1148);
#1147 = CARTESIAN_POINT('',(29.,402.73499399519));
#1148 = VECTOR('',#1149,1.);
#1149 = DIRECTION('',(1.,0.));
#1150 = ( GEOMETRIC_REPRESENTATION_CONTEXT(2) 
PARAMETRIC_REPRESENTATION_CONTEXT() REPRESENTATION_CONTEXT('2D SPACE',''
  ) );
#1151 = PCURVE('',#322,#1152);
#1152 = DEFINITIONAL_REPRESENTATION('',(#1153),#1157);
#1153 = LINE('',#1154,#1155);
#1154 = CARTESIAN_POINT('',(-1.253235897503,0.));
#1155 = VECTOR('',#1156,1.);
#1156 = DIRECTION('',(-0.,1.));
#1157 = ( GEOMETRIC_REPRESENTATION_CONTEXT(2) 
PARAMETRIC_REPRESENTATION_CONTEXT() REPRESENTATION_CONTEXT('2D SPACE',''
  ) );
#1158 = ORIENTED_EDGE('',*,*,#278,.T.);
#1159 = ADVANCED_FACE('',(#1160),#210,.F.);
#1160 = FACE_BOUND('',#1161,.F.);
#1161 = EDGE_LOOP('',(#1162,#1185,#1206,#1207));
#1162 = ORIENTED_EDGE('',*,*,#1163,.F.);
#1163 = EDGE_CURVE('',#1164,#195,#1166,.T.);
#1164 = VERTEX_POINT('',#1165);
#1165 = CARTESIAN_POINT('',(-244.,-189.6,391.));
#1166 = SURFACE_CURVE('',#1167,(#1171,#1178),.PCURVE_S1.);
#1167 = LINE('',#1168,#1169);
#1168 = CARTESIAN_POINT('',(-244.,-189.6,391.));
#1169 = VECTOR('',#1170,1.);
#1170 = DIRECTION('',(0.,0.,1.));
#1171 = PCURVE('',#210,#1172);
#1172 = DEFINITIONAL_REPRESENTATION('',(#1173),#1177);
#1173 = LINE('',#1174,#1175);
#1174 = CARTESIAN_POINT('',(0.,0.));
#1175 = VECTOR('',#1176,1.);
#1176 = DIRECTION('',(1.,0.));
#1177 = ( GEOMETRIC_REPRESENTATION_CONTEXT(2) 
PARAMETRIC_REPRESENTATION_CONTEXT() REPRESENTATION_CONTEXT('2D SPACE',''
  ) );
#1178 = PCURVE('',#238,#1179);
#1179 = DEFINITIONAL_REPRESENTATION('',(#1180),#1184);
#1180 = LINE('',#1181,#1182);
#1181 = CARTESIAN_POINT('',(-29.,-44.));
#1182 = VECTOR('',#1183,1.);
#1183 = DIRECTION('',(1.,0.));
#1184 = ( GEOMETRIC_REPRESENTATION_CONTEXT(2) 
PARAMETRIC_REPRESENTATION_CONTEXT() REPRESENTATION_CONTEXT('2D SPACE',''
  ) );
#1185 = ORIENTED_EDGE('',*,*,#1186,.T.);
#1186 = EDGE_CURVE('',#1164,#1087,#1187,.T.);
#1187 = SURFACE_CURVE('',#1188,(#1192,#1199),.PCURVE_S1.);
#1188 = LINE('',#1189,#1190);
#1189 = CARTESIAN_POINT('',(-244.,-189.6,391.));
#1190 = VECTOR('',#1191,1.);
#1191 = DIRECTION('',(0.,1.,0.));
#1192 = PCURVE('',#210,#1193);
#1193 = DEFINITIONAL_REPRESENTATION('',(#1194),#1198);
#1194 = LINE('',#1195,#1196);
#1195 = CARTESIAN_POINT('',(0.,0.));
#1196 = VECTOR('',#1197,1.);
#1197 = DIRECTION('',(0.,-1.));
#1198 = ( GEOMETRIC_REPRESENTATION_CONTEXT(2) 
PARAMETRIC_REPRESENTATION_CONTEXT() REPRESENTATION_CONTEXT('2D SPACE',''
  ) );
#1199 = PCURVE('',#1102,#1200);
#1200 = DEFINITIONAL_REPRESENTATION('',(#1201),#1205);
#1201 = LINE('',#1202,#1203);
#1202 = CARTESIAN_POINT('',(0.,0.));
#1203 = VECTOR('',#1204,1.);
#1204 = DIRECTION('',(0.,1.));
#1205 = ( GEOMETRIC_REPRESENTATION_CONTEXT(2) 
PARAMETRIC_REPRESENTATION_CONTEXT() REPRESENTATION_CONTEXT('2D SPACE',''
  ) );
#1206 = ORIENTED_EDGE('',*,*,#1114,.T.);
#1207 = ORIENTED_EDGE('',*,*,#194,.F.);
#1208 = ADVANCED_FACE('',(#1209),#238,.F.);
#1209 = FACE_BOUND('',#1210,.F.);
#1210 = EDGE_LOOP('',(#1211,#1234,#1255,#1256));
#1211 = ORIENTED_EDGE('',*,*,#1212,.F.);
#1212 = EDGE_CURVE('',#1213,#223,#1215,.T.);
#1213 = VERTEX_POINT('',#1214);
#1214 = CARTESIAN_POINT('',(244.,-189.6,391.));
#1215 = SURFACE_CURVE('',#1216,(#1220,#1227),.PCURVE_S1.);
#1216 = LINE('',#1217,#1218);
#1217 = CARTESIAN_POINT('',(244.,-189.6,391.));
#1218 = VECTOR('',#1219,1.);
#1219 = DIRECTION('',(0.,0.,1.));
#1220 = PCURVE('',#238,#1221);
#1221 = DEFINITIONAL_REPRESENTATION('',(#1222),#1226);
#1222 = LINE('',#1223,#1224);
#1223 = CARTESIAN_POINT('',(-29.,444.));
#1224 = VECTOR('',#1225,1.);
#1225 = DIRECTION('',(1.,0.));
#1226 = ( GEOMETRIC_REPRESENTATION_CONTEXT(2) 
PARAMETRIC_REPRESENTATION_CONTEXT() REPRESENTATION_CONTEXT('2D SPACE',''
  ) );
#1227 = PCURVE('',#266,#1228);
#1228 = DEFINITIONAL_REPRESENTATION('',(#1229),#1233);
#1229 = LINE('',#1230,#1231);
#1230 = CARTESIAN_POINT('',(0.,0.));
#1231 = VECTOR('',#1232,1.);
#1232 = DIRECTION('',(1.,0.));
#1233 = ( GEOMETRIC_REPRESENTATION_CONTEXT(2) 
PARAMETRIC_REPRESENTATION_CONTEXT() REPRESENTATION_CONTEXT('2D SPACE',''
  ) );
#1234 = ORIENTED_EDGE('',*,*,#1235,.F.);
#1235 = EDGE_CURVE('',#1164,#1213,#1236,.T.);
#1236 = SURFACE_CURVE('',#1237,(#1241,#1248),.PCURVE_S1.);
#1237 = LINE('',#1238,#1239);
#1238 = CARTESIAN_POINT('',(-244.,-189.6,391.));
#1239 = VECTOR('',#1240,1.);
#1240 = DIRECTION('',(1.,0.,0.));
#1241 = PCURVE('',#238,#1242);
#1242 = DEFINITIONAL_REPRESENTATION('',(#1243),#1247);
#1243 = LINE('',#1244,#1245);
#1244 = CARTESIAN_POINT('',(-29.,-44.));
#1245 = VECTOR('',#1246,1.);
#1246 = DIRECTION('',(0.,1.));
#1247 = ( GEOMETRIC_REPRESENTATION_CONTEXT(2) 
PARAMETRIC_REPRESENTATION_CONTEXT() REPRESENTATION_CONTEXT('2D SPACE',''
  ) );
#1248 = PCURVE('',#1102,#1249);
#1249 = DEFINITIONAL_REPRESENTATION('',(#1250),#1254);
#1250 = LINE('',#1251,#1252);
#1251 = CARTESIAN_POINT('',(0.,0.));
#1252 = VECTOR('',#1253,1.);
#1253 = DIRECTION('',(1.,0.));
#1254 = ( GEOMETRIC_REPRESENTATION_CONTEXT(2) 
PARAMETRIC_REPRESENTATION_CONTEXT() REPRESENTATION_CONTEXT('2D SPACE',''
  ) );
#1255 = ORIENTED_EDGE('',*,*,#1163,.T.);
#1256 = ORIENTED_EDGE('',*,*,#222,.T.);
#1257 = ADVANCED_FACE('',(#1258),#266,.T.);
#1258 = FACE_BOUND('',#1259,.T.);
#1259 = EDGE_LOOP('',(#1260,#1261,#1282,#1283));
#1260 = ORIENTED_EDGE('',*,*,#1212,.F.);
#1261 = ORIENTED_EDGE('',*,*,#1262,.T.);
#1262 = EDGE_CURVE('',#1213,#1064,#1263,.T.);
#1263 = SURFACE_CURVE('',#1264,(#1268,#1275),.PCURVE_S1.);
#1264 = LINE('',#1265,#1266);
#1265 = CARTESIAN_POINT('',(244.,-189.6,391.));
#1266 = VECTOR('',#1267,1.);
#1267 = DIRECTION('',(0.,1.,0.));
#1268 = PCURVE('',#266,#1269);
#1269 = DEFINITIONAL_REPRESENTATION('',(#1270),#1274);
#1270 = LINE('',#1271,#1272);
#1271 = CARTESIAN_POINT('',(0.,0.));
#1272 = VECTOR('',#1273,1.);
#1273 = DIRECTION('',(0.,-1.));
#1274 = ( GEOMETRIC_REPRESENTATION_CONTEXT(2) 
PARAMETRIC_REPRESENTATION_CONTEXT() REPRESENTATION_CONTEXT('2D SPACE',''
  ) );
#1275 = PCURVE('',#1102,#1276);
#1276 = DEFINITIONAL_REPRESENTATION('',(#1277),#1281);
#1277 = LINE('',#1278,#1279);
#1278 = CARTESIAN_POINT('',(488.,0.));
#1279 = VECTOR('',#1280,1.);
#1280 = DIRECTION('',(0.,1.));
#1281 = ( GEOMETRIC_REPRESENTATION_CONTEXT(2) 
PARAMETRIC_REPRESENTATION_CONTEXT() REPRESENTATION_CONTEXT('2D SPACE',''
  ) );
#1282 = ORIENTED_EDGE('',*,*,#1063,.T.);
#1283 = ORIENTED_EDGE('',*,*,#250,.F.);
#1284 = ADVANCED_FACE('',(#1285),#322,.T.);
#1285 = FACE_BOUND('',#1286,.F.);
#1286 = EDGE_LOOP('',(#1287,#1308,#1309,#1310));
#1287 = ORIENTED_EDGE('',*,*,#1288,.F.);
#1288 = EDGE_CURVE('',#832,#302,#1289,.T.);
#1289 = SURFACE_CURVE('',#1290,(#1294,#1301),.PCURVE_S1.);
#1290 = LINE('',#1291,#1292);
#1291 = CARTESIAN_POINT('',(200.,-129.6,420.));
#1292 = VECTOR('',#1293,1.);
#1293 = DIRECTION('',(0.,0.,1.));
#1294 = PCURVE('',#322,#1295);
#1295 = DEFINITIONAL_REPRESENTATION('',(#1296),#1300);
#1296 = LINE('',#1297,#1298);
#1297 = CARTESIAN_POINT('',(-0.,0.));
#1298 = VECTOR('',#1299,1.);
#1299 = DIRECTION('',(-0.,1.));
#1300 = ( GEOMETRIC_REPRESENTATION_CONTEXT(2) 
PARAMETRIC_REPRESENTATION_CONTEXT() REPRESENTATION_CONTEXT('2D SPACE',''
  ) );
#1301 = PCURVE('',#350,#1302);
#1302 = DEFINITIONAL_REPRESENTATION('',(#1303),#1307);
#1303 = LINE('',#1304,#1305);
#1304 = CARTESIAN_POINT('',(0.,-60.));
#1305 = VECTOR('',#1306,1.);
#1306 = DIRECTION('',(1.,0.));
#1307 = ( GEOMETRIC_REPRESENTATION_CONTEXT(2) 
PARAMETRIC_REPRESENTATION_CONTEXT() REPRESENTATION_CONTEXT('2D SPACE',''
  ) );
#1308 = ORIENTED_EDGE('',*,*,#831,.T.);
#1309 = ORIENTED_EDGE('',*,*,#1138,.T.);
#1310 = ORIENTED_EDGE('',*,*,#301,.F.);
#1311 = ADVANCED_FACE('',(#1312),#350,.T.);
#1312 = FACE_BOUND('',#1313,.T.);
#1313 = EDGE_LOOP('',(#1314,#1315,#1316,#1317));
#1314 = ORIENTED_EDGE('',*,*,#334,.F.);
#1315 = ORIENTED_EDGE('',*,*,#1288,.F.);
#1316 = ORIENTED_EDGE('',*,*,#859,.T.);
#1317 = ORIENTED_EDGE('',*,*,#1318,.T.);
#1318 = EDGE_CURVE('',#860,#335,#1319,.T.);
#1319 = SURFACE_CURVE('',#1320,(#1324,#1331),.PCURVE_S1.);
#1320 = LINE('',#1321,#1322);
#1321 = CARTESIAN_POINT('',(200.,-57.,417.));
#1322 = VECTOR('',#1323,1.);
#1323 = DIRECTION('',(0.,0.,1.));
#1324 = PCURVE('',#350,#1325);
#1325 = DEFINITIONAL_REPRESENTATION('',(#1326),#1330);
#1326 = LINE('',#1327,#1328);
#1327 = CARTESIAN_POINT('',(-3.,-132.6));
#1328 = VECTOR('',#1329,1.);
#1329 = DIRECTION('',(1.,0.));
#1330 = ( GEOMETRIC_REPRESENTATION_CONTEXT(2) 
PARAMETRIC_REPRESENTATION_CONTEXT() REPRESENTATION_CONTEXT('2D SPACE',''
  ) );
#1331 = PCURVE('',#1332,#1337);
#1332 = CYLINDRICAL_SURFACE('',#1333,3.);
#1333 = AXIS2_PLACEMENT_3D('',#1334,#1335,#1336);
#1334 = CARTESIAN_POINT('',(203.,-57.,417.));
#1335 = DIRECTION('',(0.,0.,1.));
#1336 = DIRECTION('',(0.,-1.,0.));
#1337 = DEFINITIONAL_REPRESENTATION('',(#1338),#1342);
#1338 = LINE('',#1339,#1340);
#1339 = CARTESIAN_POINT('',(-1.570796326795,0.));
#1340 = VECTOR('',#1341,1.);
#1341 = DIRECTION('',(-0.,1.));
#1342 = ( GEOMETRIC_REPRESENTATION_CONTEXT(2) 
PARAMETRIC_REPRESENTATION_CONTEXT() REPRESENTATION_CONTEXT('2D SPACE',''
  ) );
#1343 = ADVANCED_FACE('',(#1344),#378,.T.);
#1344 = FACE_BOUND('',#1345,.F.);
#1345 = EDGE_LOOP('',(#1346,#1376,#1403,#1404));
#1346 = ORIENTED_EDGE('',*,*,#1347,.F.);
#1347 = EDGE_CURVE('',#1348,#1350,#1352,.T.);
#1348 = VERTEX_POINT('',#1349);
#1349 = CARTESIAN_POINT('',(203.,-57.,429.));
#1350 = VERTEX_POINT('',#1351);
#1351 = CARTESIAN_POINT('',(203.,-51.,429.));
#1352 = SURFACE_CURVE('',#1353,(#1357,#1364),.PCURVE_S1.);
#1353 = LINE('',#1354,#1355);
#1354 = CARTESIAN_POINT('',(203.,-60.,429.));
#1355 = VECTOR('',#1356,1.);
#1356 = DIRECTION('',(0.,1.,0.));
#1357 = PCURVE('',#378,#1358);
#1358 = DEFINITIONAL_REPRESENTATION('',(#1359),#1363);
#1359 = LINE('',#1360,#1361);
#1360 = CARTESIAN_POINT('',(-0.,0.));
#1361 = VECTOR('',#1362,1.);
#1362 = DIRECTION('',(-0.,1.));
#1363 = ( GEOMETRIC_REPRESENTATION_CONTEXT(2) 
PARAMETRIC_REPRESENTATION_CONTEXT() REPRESENTATION_CONTEXT('2D SPACE',''
  ) );
#1364 = PCURVE('',#1365,#1370);
#1365 = PLANE('',#1366);
#1366 = AXIS2_PLACEMENT_3D('',#1367,#1368,#1369);
#1367 = CARTESIAN_POINT('',(234.,-60.,429.));
#1368 = DIRECTION('',(0.,0.,1.));
#1369 = DIRECTION('',(1.,0.,0.));
#1370 = DEFINITIONAL_REPRESENTATION('',(#1371),#1375);
#1371 = LINE('',#1372,#1373);
#1372 = CARTESIAN_POINT('',(-31.,0.));
#1373 = VECTOR('',#1374,1.);
#1374 = DIRECTION('',(0.,1.));
#1375 = ( GEOMETRIC_REPRESENTATION_CONTEXT(2) 
PARAMETRIC_REPRESENTATION_CONTEXT() REPRESENTATION_CONTEXT('2D SPACE',''
  ) );
#1376 = ORIENTED_EDGE('',*,*,#1377,.T.);
#1377 = EDGE_CURVE('',#1348,#335,#1378,.T.);
#1378 = SURFACE_CURVE('',#1379,(#1384,#1391),.PCURVE_S1.);
#1379 = CIRCLE('',#1380,3.);
#1380 = AXIS2_PLACEMENT_3D('',#1381,#1382,#1383);
#1381 = CARTESIAN_POINT('',(203.,-57.,426.));
#1382 = DIRECTION('',(-0.,-1.,0.));
#1383 = DIRECTION('',(0.,-0.,1.));
#1384 = PCURVE('',#378,#1385);
#1385 = DEFINITIONAL_REPRESENTATION('',(#1386),#1390);
#1386 = LINE('',#1387,#1388);
#1387 = CARTESIAN_POINT('',(-0.,3.));
#1388 = VECTOR('',#1389,1.);
#1389 = DIRECTION('',(-1.,0.));
#1390 = ( GEOMETRIC_REPRESENTATION_CONTEXT(2) 
PARAMETRIC_REPRESENTATION_CONTEXT() REPRESENTATION_CONTEXT('2D SPACE',''
  ) );
#1391 = PCURVE('',#1392,#1397);
#1392 = SPHERICAL_SURFACE('',#1393,3.);
#1393 = AXIS2_PLACEMENT_3D('',#1394,#1395,#1396);
#1394 = CARTESIAN_POINT('',(203.,-57.,426.));
#1395 = DIRECTION('',(0.,1.,0.));
#1396 = DIRECTION('',(0.,-0.,1.));
#1397 = DEFINITIONAL_REPRESENTATION('',(#1398),#1402);
#1398 = LINE('',#1399,#1400);
#1399 = CARTESIAN_POINT('',(-0.,0.));
#1400 = VECTOR('',#1401,1.);
#1401 = DIRECTION('',(-1.,0.));
#1402 = ( GEOMETRIC_REPRESENTATION_CONTEXT(2) 
PARAMETRIC_REPRESENTATION_CONTEXT() REPRESENTATION_CONTEXT('2D SPACE',''
  ) );
#1403 = ORIENTED_EDGE('',*,*,#362,.T.);
#1404 = ORIENTED_EDGE('',*,*,#1405,.T.);
#1405 = EDGE_CURVE('',#363,#1350,#1406,.T.);
#1406 = SURFACE_CURVE('',#1407,(#1412,#1419),.PCURVE_S1.);
#1407 = CIRCLE('',#1408,3.);
#1408 = AXIS2_PLACEMENT_3D('',#1409,#1410,#1411);
#1409 = CARTESIAN_POINT('',(203.,-51.,426.));
#1410 = DIRECTION('',(-0.,1.,0.));
#1411 = DIRECTION('',(0.,0.,1.));
#1412 = PCURVE('',#378,#1413);
#1413 = DEFINITIONAL_REPRESENTATION('',(#1414),#1418);
#1414 = LINE('',#1415,#1416);
#1415 = CARTESIAN_POINT('',(-6.28318530718,9.));
#1416 = VECTOR('',#1417,1.);
#1417 = DIRECTION('',(1.,-0.));
#1418 = ( GEOMETRIC_REPRESENTATION_CONTEXT(2) 
PARAMETRIC_REPRESENTATION_CONTEXT() REPRESENTATION_CONTEXT('2D SPACE',''
  ) );
#1419 = PCURVE('',#1420,#1425);
#1420 = SPHERICAL_SURFACE('',#1421,3.);
#1421 = AXIS2_PLACEMENT_3D('',#1422,#1423,#1424);
#1422 = CARTESIAN_POINT('',(203.,-51.,426.));
#1423 = DIRECTION('',(1.,0.,-0.));
#1424 = DIRECTION('',(0.,0.,1.));
#1425 = DEFINITIONAL_REPRESENTATION('',(#1426),#1430);
#1426 = LINE('',#1427,#1428);
#1427 = CARTESIAN_POINT('',(-0.,-6.28318530718));
#1428 = VECTOR('',#1429,1.);
#1429 = DIRECTION('',(-0.,1.));
#1430 = ( GEOMETRIC_REPRESENTATION_CONTEXT(2) 
PARAMETRIC_REPRESENTATION_CONTEXT() REPRESENTATION_CONTEXT('2D SPACE',''
  ) );
#1431 = ADVANCED_FACE('',(#1432),#406,.T.);
#1432 = FACE_BOUND('',#1433,.T.);
#1433 = EDGE_LOOP('',(#1434,#1435,#1461,#1462));
#1434 = ORIENTED_EDGE('',*,*,#390,.F.);
#1435 = ORIENTED_EDGE('',*,*,#1436,.F.);
#1436 = EDGE_CURVE('',#883,#363,#1437,.T.);
#1437 = SURFACE_CURVE('',#1438,(#1442,#1449),.PCURVE_S1.);
#1438 = LINE('',#1439,#1440);
#1439 = CARTESIAN_POINT('',(200.,-51.,417.));
#1440 = VECTOR('',#1441,1.);
#1441 = DIRECTION('',(0.,0.,1.));
#1442 = PCURVE('',#406,#1443);
#1443 = DEFINITIONAL_REPRESENTATION('',(#1444),#1448);
#1444 = LINE('',#1445,#1446);
#1445 = CARTESIAN_POINT('',(-3.,-138.6));
#1446 = VECTOR('',#1447,1.);
#1447 = DIRECTION('',(1.,0.));
#1448 = ( GEOMETRIC_REPRESENTATION_CONTEXT(2) 
PARAMETRIC_REPRESENTATION_CONTEXT() REPRESENTATION_CONTEXT('2D SPACE',''
  ) );
#1449 = PCURVE('',#1450,#1455);
#1450 = CYLINDRICAL_SURFACE('',#1451,3.);
#1451 = AXIS2_PLACEMENT_3D('',#1452,#1453,#1454);
#1452 = CARTESIAN_POINT('',(203.,-51.,417.));
#1453 = DIRECTION('',(0.,0.,1.));
#1454 = DIRECTION('',(-1.,-0.,0.));
#1455 = DEFINITIONAL_REPRESENTATION('',(#1456),#1460);
#1456 = LINE('',#1457,#1458);
#1457 = CARTESIAN_POINT('',(-0.,0.));
#1458 = VECTOR('',#1459,1.);
#1459 = DIRECTION('',(-0.,1.));
#1460 = ( GEOMETRIC_REPRESENTATION_CONTEXT(2) 
PARAMETRIC_REPRESENTATION_CONTEXT() REPRESENTATION_CONTEXT('2D SPACE',''
  ) );
#1461 = ORIENTED_EDGE('',*,*,#910,.T.);
#1462 = ORIENTED_EDGE('',*,*,#1463,.T.);
#1463 = EDGE_CURVE('',#911,#391,#1464,.T.);
#1464 = SURFACE_CURVE('',#1465,(#1469,#1476),.PCURVE_S1.);
#1465 = LINE('',#1466,#1467);
#1466 = CARTESIAN_POINT('',(200.,51.,417.));
#1467 = VECTOR('',#1468,1.);
#1468 = DIRECTION('',(0.,0.,1.));
#1469 = PCURVE('',#406,#1470);
#1470 = DEFINITIONAL_REPRESENTATION('',(#1471),#1475);
#1471 = LINE('',#1472,#1473);
#1472 = CARTESIAN_POINT('',(-3.,-240.6));
#1473 = VECTOR('',#1474,1.);
#1474 = DIRECTION('',(1.,0.));
#1475 = ( GEOMETRIC_REPRESENTATION_CONTEXT(2) 
PARAMETRIC_REPRESENTATION_CONTEXT() REPRESENTATION_CONTEXT('2D SPACE',''
  ) );
#1476 = PCURVE('',#1477,#1482);
#1477 = CYLINDRICAL_SURFACE('',#1478,3.);
#1478 = AXIS2_PLACEMENT_3D('',#1479,#1480,#1481);
#1479 = CARTESIAN_POINT('',(203.,51.,417.));
#1480 = DIRECTION('',(0.,0.,1.));
#1481 = DIRECTION('',(0.,-1.,0.));
#1482 = DEFINITIONAL_REPRESENTATION('',(#1483),#1487);
#1483 = LINE('',#1484,#1485);
#1484 = CARTESIAN_POINT('',(-1.570796326795,0.));
#1485 = VECTOR('',#1486,1.);
#1486 = DIRECTION('',(-0.,1.));
#1487 = ( GEOMETRIC_REPRESENTATION_CONTEXT(2) 
PARAMETRIC_REPRESENTATION_CONTEXT() REPRESENTATION_CONTEXT('2D SPACE',''
  ) );
#1488 = ADVANCED_FACE('',(#1489),#434,.T.);
#1489 = FACE_BOUND('',#1490,.F.);
#1490 = EDGE_LOOP('',(#1491,#1516,#1543,#1544));
#1491 = ORIENTED_EDGE('',*,*,#1492,.F.);
#1492 = EDGE_CURVE('',#1493,#1495,#1497,.T.);
#1493 = VERTEX_POINT('',#1494);
#1494 = CARTESIAN_POINT('',(203.,51.,429.));
#1495 = VERTEX_POINT('',#1496);
#1496 = CARTESIAN_POINT('',(203.,57.,429.));
#1497 = SURFACE_CURVE('',#1498,(#1502,#1509),.PCURVE_S1.);
#1498 = LINE('',#1499,#1500);
#1499 = CARTESIAN_POINT('',(203.,48.,429.));
#1500 = VECTOR('',#1501,1.);
#1501 = DIRECTION('',(0.,1.,0.));
#1502 = PCURVE('',#434,#1503);
#1503 = DEFINITIONAL_REPRESENTATION('',(#1504),#1508);
#1504 = LINE('',#1505,#1506);
#1505 = CARTESIAN_POINT('',(-0.,0.));
#1506 = VECTOR('',#1507,1.);
#1507 = DIRECTION('',(-0.,1.));
#1508 = ( GEOMETRIC_REPRESENTATION_CONTEXT(2) 
PARAMETRIC_REPRESENTATION_CONTEXT() REPRESENTATION_CONTEXT('2D SPACE',''
  ) );
#1509 = PCURVE('',#1365,#1510);
#1510 = DEFINITIONAL_REPRESENTATION('',(#1511),#1515);
#1511 = LINE('',#1512,#1513);
#1512 = CARTESIAN_POINT('',(-31.,108.));
#1513 = VECTOR('',#1514,1.);
#1514 = DIRECTION('',(0.,1.));
#1515 = ( GEOMETRIC_REPRESENTATION_CONTEXT(2) 
PARAMETRIC_REPRESENTATION_CONTEXT() REPRESENTATION_CONTEXT('2D SPACE',''
  ) );
#1516 = ORIENTED_EDGE('',*,*,#1517,.T.);
#1517 = EDGE_CURVE('',#1493,#391,#1518,.T.);
#1518 = SURFACE_CURVE('',#1519,(#1524,#1531),.PCURVE_S1.);
#1519 = CIRCLE('',#1520,3.);
#1520 = AXIS2_PLACEMENT_3D('',#1521,#1522,#1523);
#1521 = CARTESIAN_POINT('',(203.,51.,426.));
#1522 = DIRECTION('',(-0.,-1.,0.));
#1523 = DIRECTION('',(0.,-0.,1.));
#1524 = PCURVE('',#434,#1525);
#1525 = DEFINITIONAL_REPRESENTATION('',(#1526),#1530);
#1526 = LINE('',#1527,#1528);
#1527 = CARTESIAN_POINT('',(-0.,3.));
#1528 = VECTOR('',#1529,1.);
#1529 = DIRECTION('',(-1.,0.));
#1530 = ( GEOMETRIC_REPRESENTATION_CONTEXT(2) 
PARAMETRIC_REPRESENTATION_CONTEXT() REPRESENTATION_CONTEXT('2D SPACE',''
  ) );
#1531 = PCURVE('',#1532,#1537);
#1532 = SPHERICAL_SURFACE('',#1533,3.);
#1533 = AXIS2_PLACEMENT_3D('',#1534,#1535,#1536);
#1534 = CARTESIAN_POINT('',(203.,51.,426.));
#1535 = DIRECTION('',(0.,1.,0.));
#1536 = DIRECTION('',(0.,-0.,1.));
#1537 = DEFINITIONAL_REPRESENTATION('',(#1538),#1542);
#1538 = LINE('',#1539,#1540);
#1539 = CARTESIAN_POINT('',(-0.,0.));
#1540 = VECTOR('',#1541,1.);
#1541 = DIRECTION('',(-1.,0.));
#1542 = ( GEOMETRIC_REPRESENTATION_CONTEXT(2) 
PARAMETRIC_REPRESENTATION_CONTEXT() REPRESENTATION_CONTEXT('2D SPACE',''
  ) );
#1543 = ORIENTED_EDGE('',*,*,#418,.T.);
#1544 = ORIENTED_EDGE('',*,*,#1545,.T.);
#1545 = EDGE_CURVE('',#419,#1495,#1546,.T.);
#1546 = SURFACE_CURVE('',#1547,(#1552,#1559),.PCURVE_S1.);
#1547 = CIRCLE('',#1548,3.);
#1548 = AXIS2_PLACEMENT_3D('',#1549,#1550,#1551);
#1549 = CARTESIAN_POINT('',(203.,57.,426.));
#1550 = DIRECTION('',(-0.,1.,0.));
#1551 = DIRECTION('',(0.,0.,1.));
#1552 = PCURVE('',#434,#1553);
#1553 = DEFINITIONAL_REPRESENTATION('',(#1554),#1558);
#1554 = LINE('',#1555,#1556);
#1555 = CARTESIAN_POINT('',(-6.28318530718,9.));
#1556 = VECTOR('',#1557,1.);
#1557 = DIRECTION('',(1.,-0.));
#1558 = ( GEOMETRIC_REPRESENTATION_CONTEXT(2) 
PARAMETRIC_REPRESENTATION_CONTEXT() REPRESENTATION_CONTEXT('2D SPACE',''
  ) );
#1559 = PCURVE('',#1560,#1565);
#1560 = SPHERICAL_SURFACE('',#1561,3.);
#1561 = AXIS2_PLACEMENT_3D('',#1562,#1563,#1564);
#1562 = CARTESIAN_POINT('',(203.,57.,426.));
#1563 = DIRECTION('',(1.,0.,-0.));
#1564 = DIRECTION('',(0.,0.,1.));
#1565 = DEFINITIONAL_REPRESENTATION('',(#1566),#1570);
#1566 = LINE('',#1567,#1568);
#1567 = CARTESIAN_POINT('',(-0.,-6.28318530718));
#1568 = VECTOR('',#1569,1.);
#1569 = DIRECTION('',(-0.,1.));
#1570 = ( GEOMETRIC_REPRESENTATION_CONTEXT(2) 
PARAMETRIC_REPRESENTATION_CONTEXT() REPRESENTATION_CONTEXT('2D SPACE',''
  ) );
#1571 = ADVANCED_FACE('',(#1572),#462,.T.);
#1572 = FACE_BOUND('',#1573,.T.);
#1573 = EDGE_LOOP('',(#1574,#1575,#1601,#1602));
#1574 = ORIENTED_EDGE('',*,*,#446,.F.);
#1575 = ORIENTED_EDGE('',*,*,#1576,.F.);
#1576 = EDGE_CURVE('',#934,#419,#1577,.T.);
#1577 = SURFACE_CURVE('',#1578,(#1582,#1589),.PCURVE_S1.);
#1578 = LINE('',#1579,#1580);
#1579 = CARTESIAN_POINT('',(200.,57.,417.));
#1580 = VECTOR('',#1581,1.);
#1581 = DIRECTION('',(0.,0.,1.));
#1582 = PCURVE('',#462,#1583);
#1583 = DEFINITIONAL_REPRESENTATION('',(#1584),#1588);
#1584 = LINE('',#1585,#1586);
#1585 = CARTESIAN_POINT('',(-3.,-246.6));
#1586 = VECTOR('',#1587,1.);
#1587 = DIRECTION('',(1.,0.));
#1588 = ( GEOMETRIC_REPRESENTATION_CONTEXT(2) 
PARAMETRIC_REPRESENTATION_CONTEXT() REPRESENTATION_CONTEXT('2D SPACE',''
  ) );
#1589 = PCURVE('',#1590,#1595);
#1590 = CYLINDRICAL_SURFACE('',#1591,3.);
#1591 = AXIS2_PLACEMENT_3D('',#1592,#1593,#1594);
#1592 = CARTESIAN_POINT('',(203.,57.,417.));
#1593 = DIRECTION('',(0.,0.,1.));
#1594 = DIRECTION('',(0.,1.,0.));
#1595 = DEFINITIONAL_REPRESENTATION('',(#1596),#1600);
#1596 = LINE('',#1597,#1598);
#1597 = CARTESIAN_POINT('',(1.570796326795,0.));
#1598 = VECTOR('',#1599,1.);
#1599 = DIRECTION('',(0.,1.));
#1600 = ( GEOMETRIC_REPRESENTATION_CONTEXT(2) 
PARAMETRIC_REPRESENTATION_CONTEXT() REPRESENTATION_CONTEXT('2D SPACE',''
  ) );
#1601 = ORIENTED_EDGE('',*,*,#961,.T.);
#1602 = ORIENTED_EDGE('',*,*,#1603,.T.);
#1603 = EDGE_CURVE('',#962,#447,#1604,.T.);
#1604 = SURFACE_CURVE('',#1605,(#1609,#1616),.PCURVE_S1.);
#1605 = LINE('',#1606,#1607);
#1606 = CARTESIAN_POINT('',(200.,129.6,420.));
#1607 = VECTOR('',#1608,1.);
#1608 = DIRECTION('',(0.,0.,1.));
#1609 = PCURVE('',#462,#1610);
#1610 = DEFINITIONAL_REPRESENTATION('',(#1611),#1615);
#1611 = LINE('',#1612,#1613);
#1612 = CARTESIAN_POINT('',(0.,-319.2));
#1613 = VECTOR('',#1614,1.);
#1614 = DIRECTION('',(1.,0.));
#1615 = ( GEOMETRIC_REPRESENTATION_CONTEXT(2) 
PARAMETRIC_REPRESENTATION_CONTEXT() REPRESENTATION_CONTEXT('2D SPACE',''
  ) );
#1616 = PCURVE('',#491,#1617);
#1617 = DEFINITIONAL_REPRESENTATION('',(#1618),#1622);
#1618 = LINE('',#1619,#1620);
#1619 = CARTESIAN_POINT('',(0.,0.));
#1620 = VECTOR('',#1621,1.);
#1621 = DIRECTION('',(0.,1.));
#1622 = ( GEOMETRIC_REPRESENTATION_CONTEXT(2) 
PARAMETRIC_REPRESENTATION_CONTEXT() REPRESENTATION_CONTEXT('2D SPACE',''
  ) );
#1623 = ADVANCED_FACE('',(#1624),#491,.T.);
#1624 = FACE_BOUND('',#1625,.T.);
#1625 = EDGE_LOOP('',(#1626,#1627,#1628,#1649));
#1626 = ORIENTED_EDGE('',*,*,#1603,.F.);
#1627 = ORIENTED_EDGE('',*,*,#984,.T.);
#1628 = ORIENTED_EDGE('',*,*,#1629,.T.);
#1629 = EDGE_CURVE('',#985,#475,#1630,.T.);
#1630 = SURFACE_CURVE('',#1631,(#1635,#1642),.PCURVE_S1.);
#1631 = LINE('',#1632,#1633);
#1632 = CARTESIAN_POINT('',(158.73499399519,186.6,420.));
#1633 = VECTOR('',#1634,1.);
#1634 = DIRECTION('',(0.,0.,1.));
#1635 = PCURVE('',#491,#1636);
#1636 = DEFINITIONAL_REPRESENTATION('',(#1637),#1641);
#1637 = LINE('',#1638,#1639);
#1638 = CARTESIAN_POINT('',(1.253235897503,0.));
#1639 = VECTOR('',#1640,1.);
#1640 = DIRECTION('',(0.,1.));
#1641 = ( GEOMETRIC_REPRESENTATION_CONTEXT(2) 
PARAMETRIC_REPRESENTATION_CONTEXT() REPRESENTATION_CONTEXT('2D SPACE',''
  ) );
#1642 = PCURVE('',#519,#1643);
#1643 = DEFINITIONAL_REPRESENTATION('',(#1644),#1648);
#1644 = LINE('',#1645,#1646);
#1645 = CARTESIAN_POINT('',(29.,402.73499399519));
#1646 = VECTOR('',#1647,1.);
#1647 = DIRECTION('',(1.,0.));
#1648 = ( GEOMETRIC_REPRESENTATION_CONTEXT(2) 
PARAMETRIC_REPRESENTATION_CONTEXT() REPRESENTATION_CONTEXT('2D SPACE',''
  ) );
#1649 = ORIENTED_EDGE('',*,*,#474,.F.);
#1650 = ADVANCED_FACE('',(#1651),#519,.F.);
#1651 = FACE_BOUND('',#1652,.F.);
#1652 = EDGE_LOOP('',(#1653,#1676,#1704,#1725,#1726,#1727,#1728,#1729));
#1653 = ORIENTED_EDGE('',*,*,#1654,.F.);
#1654 = EDGE_CURVE('',#1655,#504,#1657,.T.);
#1655 = VERTEX_POINT('',#1656);
#1656 = CARTESIAN_POINT('',(244.,186.6,391.));
#1657 = SURFACE_CURVE('',#1658,(#1662,#1669),.PCURVE_S1.);
#1658 = LINE('',#1659,#1660);
#1659 = CARTESIAN_POINT('',(244.,186.6,391.));
#1660 = VECTOR('',#1661,1.);
#1661 = DIRECTION('',(0.,0.,1.));
#1662 = PCURVE('',#519,#1663);
#1663 = DEFINITIONAL_REPRESENTATION('',(#1664),#1668);
#1664 = LINE('',#1665,#1666);
#1665 = CARTESIAN_POINT('',(0.,488.));
#1666 = VECTOR('',#1667,1.);
#1667 = DIRECTION('',(1.,0.));
#1668 = ( GEOMETRIC_REPRESENTATION_CONTEXT(2) 
PARAMETRIC_REPRESENTATION_CONTEXT() REPRESENTATION_CONTEXT('2D SPACE',''
  ) );
#1669 = PCURVE('',#547,#1670);
#1670 = DEFINITIONAL_REPRESENTATION('',(#1671),#1675);
#1671 = LINE('',#1672,#1673);
#1672 = CARTESIAN_POINT('',(0.,0.));
#1673 = VECTOR('',#1674,1.);
#1674 = DIRECTION('',(1.,0.));
#1675 = ( GEOMETRIC_REPRESENTATION_CONTEXT(2) 
PARAMETRIC_REPRESENTATION_CONTEXT() REPRESENTATION_CONTEXT('2D SPACE',''
  ) );
#1676 = ORIENTED_EDGE('',*,*,#1677,.F.);
#1677 = EDGE_CURVE('',#1678,#1655,#1680,.T.);
#1678 = VERTEX_POINT('',#1679);
#1679 = CARTESIAN_POINT('',(-244.,186.6,391.));
#1680 = SURFACE_CURVE('',#1681,(#1685,#1692),.PCURVE_S1.);
#1681 = LINE('',#1682,#1683);
#1682 = CARTESIAN_POINT('',(-244.,186.6,391.));
#1683 = VECTOR('',#1684,1.);
#1684 = DIRECTION('',(1.,0.,0.));
#1685 = PCURVE('',#519,#1686);
#1686 = DEFINITIONAL_REPRESENTATION('',(#1687),#1691);
#1687 = LINE('',#1688,#1689);
#1688 = CARTESIAN_POINT('',(0.,0.));
#1689 = VECTOR('',#1690,1.);
#1690 = DIRECTION('',(0.,1.));
#1691 = ( GEOMETRIC_REPRESENTATION_CONTEXT(2) 
PARAMETRIC_REPRESENTATION_CONTEXT() REPRESENTATION_CONTEXT('2D SPACE',''
  ) );
#1692 = PCURVE('',#1693,#1698);
#1693 = PLANE('',#1694);
#1694 = AXIS2_PLACEMENT_3D('',#1695,#1696,#1697);
#1695 = CARTESIAN_POINT('',(-244.,186.6,391.));
#1696 = DIRECTION('',(0.,0.,1.));
#1697 = DIRECTION('',(1.,0.,0.));
#1698 = DEFINITIONAL_REPRESENTATION('',(#1699),#1703);
#1699 = LINE('',#1700,#1701);
#1700 = CARTESIAN_POINT('',(0.,0.));
#1701 = VECTOR('',#1702,1.);
#1702 = DIRECTION('',(1.,0.));
#1703 = ( GEOMETRIC_REPRESENTATION_CONTEXT(2) 
PARAMETRIC_REPRESENTATION_CONTEXT() REPRESENTATION_CONTEXT('2D SPACE',''
  ) );
#1704 = ORIENTED_EDGE('',*,*,#1705,.T.);
#1705 = EDGE_CURVE('',#1678,#588,#1706,.T.);
#1706 = SURFACE_CURVE('',#1707,(#1711,#1718),.PCURVE_S1.);
#1707 = LINE('',#1708,#1709);
#1708 = CARTESIAN_POINT('',(-244.,186.6,391.));
#1709 = VECTOR('',#1710,1.);
#1710 = DIRECTION('',(0.,0.,1.));
#1711 = PCURVE('',#519,#1712);
#1712 = DEFINITIONAL_REPRESENTATION('',(#1713),#1717);
#1713 = LINE('',#1714,#1715);
#1714 = CARTESIAN_POINT('',(0.,0.));
#1715 = VECTOR('',#1716,1.);
#1716 = DIRECTION('',(1.,0.));
#1717 = ( GEOMETRIC_REPRESENTATION_CONTEXT(2) 
PARAMETRIC_REPRESENTATION_CONTEXT() REPRESENTATION_CONTEXT('2D SPACE',''
  ) );
#1718 = PCURVE('',#603,#1719);
#1719 = DEFINITIONAL_REPRESENTATION('',(#1720),#1724);
#1720 = LINE('',#1721,#1722);
#1721 = CARTESIAN_POINT('',(0.,0.));
#1722 = VECTOR('',#1723,1.);
#1723 = DIRECTION('',(1.,0.));
#1724 = ( GEOMETRIC_REPRESENTATION_CONTEXT(2) 
PARAMETRIC_REPRESENTATION_CONTEXT() REPRESENTATION_CONTEXT('2D SPACE',''
  ) );
#1725 = ORIENTED_EDGE('',*,*,#615,.T.);
#1726 = ORIENTED_EDGE('',*,*,#781,.F.);
#1727 = ORIENTED_EDGE('',*,*,#1008,.F.);
#1728 = ORIENTED_EDGE('',*,*,#1629,.T.);
#1729 = ORIENTED_EDGE('',*,*,#503,.T.);
#1730 = ADVANCED_FACE('',(#1731),#547,.T.);
#1731 = FACE_BOUND('',#1732,.T.);
#1732 = EDGE_LOOP('',(#1733,#1734,#1757,#1778));
#1733 = ORIENTED_EDGE('',*,*,#1654,.F.);
#1734 = ORIENTED_EDGE('',*,*,#1735,.T.);
#1735 = EDGE_CURVE('',#1655,#1736,#1738,.T.);
#1736 = VERTEX_POINT('',#1737);
#1737 = CARTESIAN_POINT('',(244.,189.6,391.));
#1738 = SURFACE_CURVE('',#1739,(#1743,#1750),.PCURVE_S1.);
#1739 = LINE('',#1740,#1741);
#1740 = CARTESIAN_POINT('',(244.,186.6,391.));
#1741 = VECTOR('',#1742,1.);
#1742 = DIRECTION('',(0.,1.,0.));
#1743 = PCURVE('',#547,#1744);
#1744 = DEFINITIONAL_REPRESENTATION('',(#1745),#1749);
#1745 = LINE('',#1746,#1747);
#1746 = CARTESIAN_POINT('',(0.,0.));
#1747 = VECTOR('',#1748,1.);
#1748 = DIRECTION('',(0.,-1.));
#1749 = ( GEOMETRIC_REPRESENTATION_CONTEXT(2) 
PARAMETRIC_REPRESENTATION_CONTEXT() REPRESENTATION_CONTEXT('2D SPACE',''
  ) );
#1750 = PCURVE('',#1693,#1751);
#1751 = DEFINITIONAL_REPRESENTATION('',(#1752),#1756);
#1752 = LINE('',#1753,#1754);
#1753 = CARTESIAN_POINT('',(488.,0.));
#1754 = VECTOR('',#1755,1.);
#1755 = DIRECTION('',(0.,1.));
#1756 = ( GEOMETRIC_REPRESENTATION_CONTEXT(2) 
PARAMETRIC_REPRESENTATION_CONTEXT() REPRESENTATION_CONTEXT('2D SPACE',''
  ) );
#1757 = ORIENTED_EDGE('',*,*,#1758,.T.);
#1758 = EDGE_CURVE('',#1736,#532,#1759,.T.);
#1759 = SURFACE_CURVE('',#1760,(#1764,#1771),.PCURVE_S1.);
#1760 = LINE('',#1761,#1762);
#1761 = CARTESIAN_POINT('',(244.,189.6,391.));
#1762 = VECTOR('',#1763,1.);
#1763 = DIRECTION('',(0.,0.,1.));
#1764 = PCURVE('',#547,#1765);
#1765 = DEFINITIONAL_REPRESENTATION('',(#1766),#1770);
#1766 = LINE('',#1767,#1768);
#1767 = CARTESIAN_POINT('',(0.,-3.));
#1768 = VECTOR('',#1769,1.);
#1769 = DIRECTION('',(1.,0.));
#1770 = ( GEOMETRIC_REPRESENTATION_CONTEXT(2) 
PARAMETRIC_REPRESENTATION_CONTEXT() REPRESENTATION_CONTEXT('2D SPACE',''
  ) );
#1771 = PCURVE('',#575,#1772);
#1772 = DEFINITIONAL_REPRESENTATION('',(#1773),#1777);
#1773 = LINE('',#1774,#1775);
#1774 = CARTESIAN_POINT('',(-29.,444.));
#1775 = VECTOR('',#1776,1.);
#1776 = DIRECTION('',(1.,0.));
#1777 = ( GEOMETRIC_REPRESENTATION_CONTEXT(2) 
PARAMETRIC_REPRESENTATION_CONTEXT() REPRESENTATION_CONTEXT('2D SPACE',''
  ) );
#1778 = ORIENTED_EDGE('',*,*,#531,.F.);
#1779 = ADVANCED_FACE('',(#1780),#575,.T.);
#1780 = FACE_BOUND('',#1781,.T.);
#1781 = EDGE_LOOP('',(#1782,#1783,#1784,#1807));
#1782 = ORIENTED_EDGE('',*,*,#559,.F.);
#1783 = ORIENTED_EDGE('',*,*,#1758,.F.);
#1784 = ORIENTED_EDGE('',*,*,#1785,.F.);
#1785 = EDGE_CURVE('',#1786,#1736,#1788,.T.);
#1786 = VERTEX_POINT('',#1787);
#1787 = CARTESIAN_POINT('',(-244.,189.6,391.));
#1788 = SURFACE_CURVE('',#1789,(#1793,#1800),.PCURVE_S1.);
#1789 = LINE('',#1790,#1791);
#1790 = CARTESIAN_POINT('',(-244.,189.6,391.));
#1791 = VECTOR('',#1792,1.);
#1792 = DIRECTION('',(1.,0.,0.));
#1793 = PCURVE('',#575,#1794);
#1794 = DEFINITIONAL_REPRESENTATION('',(#1795),#1799);
#1795 = LINE('',#1796,#1797);
#1796 = CARTESIAN_POINT('',(-29.,-44.));
#1797 = VECTOR('',#1798,1.);
#1798 = DIRECTION('',(0.,1.));
#1799 = ( GEOMETRIC_REPRESENTATION_CONTEXT(2) 
PARAMETRIC_REPRESENTATION_CONTEXT() REPRESENTATION_CONTEXT('2D SPACE',''
  ) );
#1800 = PCURVE('',#1693,#1801);
#1801 = DEFINITIONAL_REPRESENTATION('',(#1802),#1806);
#1802 = LINE('',#1803,#1804);
#1803 = CARTESIAN_POINT('',(0.,3.));
#1804 = VECTOR('',#1805,1.);
#1805 = DIRECTION('',(1.,0.));
#1806 = ( GEOMETRIC_REPRESENTATION_CONTEXT(2) 
PARAMETRIC_REPRESENTATION_CONTEXT() REPRESENTATION_CONTEXT('2D SPACE',''
  ) );
#1807 = ORIENTED_EDGE('',*,*,#1808,.T.);
#1808 = EDGE_CURVE('',#1786,#560,#1809,.T.);
#1809 = SURFACE_CURVE('',#1810,(#1814,#1821),.PCURVE_S1.);
#1810 = LINE('',#1811,#1812);
#1811 = CARTESIAN_POINT('',(-244.,189.6,391.));
#1812 = VECTOR('',#1813,1.);
#1813 = DIRECTION('',(0.,0.,1.));
#1814 = PCURVE('',#575,#1815);
#1815 = DEFINITIONAL_REPRESENTATION('',(#1816),#1820);
#1816 = LINE('',#1817,#1818);
#1817 = CARTESIAN_POINT('',(-29.,-44.));
#1818 = VECTOR('',#1819,1.);
#1819 = DIRECTION('',(1.,0.));
#1820 = ( GEOMETRIC_REPRESENTATION_CONTEXT(2) 
PARAMETRIC_REPRESENTATION_CONTEXT() REPRESENTATION_CONTEXT('2D SPACE',''
  ) );
#1821 = PCURVE('',#603,#1822);
#1822 = DEFINITIONAL_REPRESENTATION('',(#1823),#1827);
#1823 = LINE('',#1824,#1825);
#1824 = CARTESIAN_POINT('',(0.,-3.));
#1825 = VECTOR('',#1826,1.);
#1826 = DIRECTION('',(1.,0.));
#1827 = ( GEOMETRIC_REPRESENTATION_CONTEXT(2) 
PARAMETRIC_REPRESENTATION_CONTEXT() REPRESENTATION_CONTEXT('2D SPACE',''
  ) );
#1828 = ADVANCED_FACE('',(#1829),#603,.F.);
#1829 = FACE_BOUND('',#1830,.F.);
#1830 = EDGE_LOOP('',(#1831,#1832,#1853,#1854));
#1831 = ORIENTED_EDGE('',*,*,#1705,.F.);
#1832 = ORIENTED_EDGE('',*,*,#1833,.T.);
#1833 = EDGE_CURVE('',#1678,#1786,#1834,.T.);
#1834 = SURFACE_CURVE('',#1835,(#1839,#1846),.PCURVE_S1.);
#1835 = LINE('',#1836,#1837);
#1836 = CARTESIAN_POINT('',(-244.,186.6,391.));
#1837 = VECTOR('',#1838,1.);
#1838 = DIRECTION('',(0.,1.,0.));
#1839 = PCURVE('',#603,#1840);
#1840 = DEFINITIONAL_REPRESENTATION('',(#1841),#1845);
#1841 = LINE('',#1842,#1843);
#1842 = CARTESIAN_POINT('',(0.,0.));
#1843 = VECTOR('',#1844,1.);
#1844 = DIRECTION('',(0.,-1.));
#1845 = ( GEOMETRIC_REPRESENTATION_CONTEXT(2) 
PARAMETRIC_REPRESENTATION_CONTEXT() REPRESENTATION_CONTEXT('2D SPACE',''
  ) );
#1846 = PCURVE('',#1693,#1847);
#1847 = DEFINITIONAL_REPRESENTATION('',(#1848),#1852);
#1848 = LINE('',#1849,#1850);
#1849 = CARTESIAN_POINT('',(0.,0.));
#1850 = VECTOR('',#1851,1.);
#1851 = DIRECTION('',(0.,1.));
#1852 = ( GEOMETRIC_REPRESENTATION_CONTEXT(2) 
PARAMETRIC_REPRESENTATION_CONTEXT() REPRESENTATION_CONTEXT('2D SPACE',''
  ) );
#1853 = ORIENTED_EDGE('',*,*,#1808,.T.);
#1854 = ORIENTED_EDGE('',*,*,#587,.F.);
#1855 = ADVANCED_FACE('',(#1856),#687,.F.);
#1856 = FACE_BOUND('',#1857,.T.);
#1857 = EDGE_LOOP('',(#1858,#1859,#1880,#1881));
#1858 = ORIENTED_EDGE('',*,*,#1032,.T.);
#1859 = ORIENTED_EDGE('',*,*,#1860,.T.);
#1860 = EDGE_CURVE('',#1033,#667,#1861,.T.);
#1861 = SEAM_CURVE('',#1862,(#1866,#1873),.PCURVE_S1.);
#1862 = LINE('',#1863,#1864);
#1863 = CARTESIAN_POINT('',(160.,0.,398.));
#1864 = VECTOR('',#1865,1.);
#1865 = DIRECTION('',(0.,0.,1.));
#1866 = PCURVE('',#687,#1867);
#1867 = DEFINITIONAL_REPRESENTATION('',(#1868),#1872);
#1868 = LINE('',#1869,#1870);
#1869 = CARTESIAN_POINT('',(-6.28318530718,0.));
#1870 = VECTOR('',#1871,1.);
#1871 = DIRECTION('',(-0.,-1.));
#1872 = ( GEOMETRIC_REPRESENTATION_CONTEXT(2) 
PARAMETRIC_REPRESENTATION_CONTEXT() REPRESENTATION_CONTEXT('2D SPACE',''
  ) );
#1873 = PCURVE('',#687,#1874);
#1874 = DEFINITIONAL_REPRESENTATION('',(#1875),#1879);
#1875 = LINE('',#1876,#1877);
#1876 = CARTESIAN_POINT('',(-0.,0.));
#1877 = VECTOR('',#1878,1.);
#1878 = DIRECTION('',(-0.,-1.));
#1879 = ( GEOMETRIC_REPRESENTATION_CONTEXT(2) 
PARAMETRIC_REPRESENTATION_CONTEXT() REPRESENTATION_CONTEXT('2D SPACE',''
  ) );
#1880 = ORIENTED_EDGE('',*,*,#666,.F.);
#1881 = ORIENTED_EDGE('',*,*,#1860,.F.);
#1882 = ADVANCED_FACE('',(#1883),#898,.T.);
#1883 = FACE_BOUND('',#1884,.F.);
#1884 = EDGE_LOOP('',(#1885,#1914,#1942,#1969));
#1885 = ORIENTED_EDGE('',*,*,#1886,.T.);
#1886 = EDGE_CURVE('',#860,#1887,#1889,.T.);
#1887 = VERTEX_POINT('',#1888);
#1888 = CARTESIAN_POINT('',(203.,-57.,417.));
#1889 = SURFACE_CURVE('',#1890,(#1895,#1902),.PCURVE_S1.);
#1890 = CIRCLE('',#1891,3.);
#1891 = AXIS2_PLACEMENT_3D('',#1892,#1893,#1894);
#1892 = CARTESIAN_POINT('',(203.,-57.,420.));
#1893 = DIRECTION('',(0.,-1.,6.123233995737E-17));
#1894 = DIRECTION('',(0.,-6.123233995737E-17,-1.));
#1895 = PCURVE('',#898,#1896);
#1896 = DEFINITIONAL_REPRESENTATION('',(#1897),#1901);
#1897 = LINE('',#1898,#1899);
#1898 = CARTESIAN_POINT('',(4.712388980385,3.));
#1899 = VECTOR('',#1900,1.);
#1900 = DIRECTION('',(-1.,0.));
#1901 = ( GEOMETRIC_REPRESENTATION_CONTEXT(2) 
PARAMETRIC_REPRESENTATION_CONTEXT() REPRESENTATION_CONTEXT('2D SPACE',''
  ) );
#1902 = PCURVE('',#1903,#1908);
#1903 = SPHERICAL_SURFACE('',#1904,3.);
#1904 = AXIS2_PLACEMENT_3D('',#1905,#1906,#1907);
#1905 = CARTESIAN_POINT('',(203.,-57.,420.));
#1906 = DIRECTION('',(1.,0.,-0.));
#1907 = DIRECTION('',(0.,-1.,0.));
#1908 = DEFINITIONAL_REPRESENTATION('',(#1909),#1913);
#1909 = LINE('',#1910,#1911);
#1910 = CARTESIAN_POINT('',(1.570796326795,-6.28318530718));
#1911 = VECTOR('',#1912,1.);
#1912 = DIRECTION('',(0.,1.));
#1913 = ( GEOMETRIC_REPRESENTATION_CONTEXT(2) 
PARAMETRIC_REPRESENTATION_CONTEXT() REPRESENTATION_CONTEXT('2D SPACE',''
  ) );
#1914 = ORIENTED_EDGE('',*,*,#1915,.T.);
#1915 = EDGE_CURVE('',#1887,#1916,#1918,.T.);
#1916 = VERTEX_POINT('',#1917);
#1917 = CARTESIAN_POINT('',(203.,-51.,417.));
#1918 = SURFACE_CURVE('',#1919,(#1923,#1930),.PCURVE_S1.);
#1919 = LINE('',#1920,#1921);
#1920 = CARTESIAN_POINT('',(203.,-60.,417.));
#1921 = VECTOR('',#1922,1.);
#1922 = DIRECTION('',(0.,1.,0.));
#1923 = PCURVE('',#898,#1924);
#1924 = DEFINITIONAL_REPRESENTATION('',(#1925),#1929);
#1925 = LINE('',#1926,#1927);
#1926 = CARTESIAN_POINT('',(-1.570796326795,0.));
#1927 = VECTOR('',#1928,1.);
#1928 = DIRECTION('',(-0.,1.));
#1929 = ( GEOMETRIC_REPRESENTATION_CONTEXT(2) 
PARAMETRIC_REPRESENTATION_CONTEXT() REPRESENTATION_CONTEXT('2D SPACE',''
  ) );
#1930 = PCURVE('',#1931,#1936);
#1931 = PLANE('',#1932);
#1932 = AXIS2_PLACEMENT_3D('',#1933,#1934,#1935);
#1933 = CARTESIAN_POINT('',(234.,-60.,417.));
#1934 = DIRECTION('',(0.,0.,1.));
#1935 = DIRECTION('',(1.,0.,0.));
#1936 = DEFINITIONAL_REPRESENTATION('',(#1937),#1941);
#1937 = LINE('',#1938,#1939);
#1938 = CARTESIAN_POINT('',(-31.,0.));
#1939 = VECTOR('',#1940,1.);
#1940 = DIRECTION('',(0.,1.));
#1941 = ( GEOMETRIC_REPRESENTATION_CONTEXT(2) 
PARAMETRIC_REPRESENTATION_CONTEXT() REPRESENTATION_CONTEXT('2D SPACE',''
  ) );
#1942 = ORIENTED_EDGE('',*,*,#1943,.T.);
#1943 = EDGE_CURVE('',#1916,#883,#1944,.T.);
#1944 = SURFACE_CURVE('',#1945,(#1950,#1957),.PCURVE_S1.);
#1945 = CIRCLE('',#1946,3.);
#1946 = AXIS2_PLACEMENT_3D('',#1947,#1948,#1949);
#1947 = CARTESIAN_POINT('',(203.,-51.,420.));
#1948 = DIRECTION('',(0.,1.,-0.));
#1949 = DIRECTION('',(-1.,0.,0.));
#1950 = PCURVE('',#898,#1951);
#1951 = DEFINITIONAL_REPRESENTATION('',(#1952),#1956);
#1952 = LINE('',#1953,#1954);
#1953 = CARTESIAN_POINT('',(-6.28318530718,9.));
#1954 = VECTOR('',#1955,1.);
#1955 = DIRECTION('',(1.,-0.));
#1956 = ( GEOMETRIC_REPRESENTATION_CONTEXT(2) 
PARAMETRIC_REPRESENTATION_CONTEXT() REPRESENTATION_CONTEXT('2D SPACE',''
  ) );
#1957 = PCURVE('',#1958,#1963);
#1958 = SPHERICAL_SURFACE('',#1959,3.);
#1959 = AXIS2_PLACEMENT_3D('',#1960,#1961,#1962);
#1960 = CARTESIAN_POINT('',(203.,-51.,420.));
#1961 = DIRECTION('',(0.,0.,1.));
#1962 = DIRECTION('',(-1.,0.,0.));
#1963 = DEFINITIONAL_REPRESENTATION('',(#1964),#1968);
#1964 = LINE('',#1965,#1966);
#1965 = CARTESIAN_POINT('',(-0.,-6.28318530718));
#1966 = VECTOR('',#1967,1.);
#1967 = DIRECTION('',(-0.,1.));
#1968 = ( GEOMETRIC_REPRESENTATION_CONTEXT(2) 
PARAMETRIC_REPRESENTATION_CONTEXT() REPRESENTATION_CONTEXT('2D SPACE',''
  ) );
#1969 = ORIENTED_EDGE('',*,*,#882,.F.);
#1970 = ADVANCED_FACE('',(#1971),#949,.T.);
#1971 = FACE_BOUND('',#1972,.T.);
#1972 = EDGE_LOOP('',(#1973,#1998,#2025,#2026));
#1973 = ORIENTED_EDGE('',*,*,#1974,.F.);
#1974 = EDGE_CURVE('',#1975,#1977,#1979,.T.);
#1975 = VERTEX_POINT('',#1976);
#1976 = CARTESIAN_POINT('',(203.,51.,417.));
#1977 = VERTEX_POINT('',#1978);
#1978 = CARTESIAN_POINT('',(203.,57.,417.));
#1979 = SURFACE_CURVE('',#1980,(#1984,#1991),.PCURVE_S1.);
#1980 = LINE('',#1981,#1982);
#1981 = CARTESIAN_POINT('',(203.,48.,417.));
#1982 = VECTOR('',#1983,1.);
#1983 = DIRECTION('',(0.,1.,0.));
#1984 = PCURVE('',#949,#1985);
#1985 = DEFINITIONAL_REPRESENTATION('',(#1986),#1990);
#1986 = LINE('',#1987,#1988);
#1987 = CARTESIAN_POINT('',(0.,0.));
#1988 = VECTOR('',#1989,1.);
#1989 = DIRECTION('',(0.,1.));
#1990 = ( GEOMETRIC_REPRESENTATION_CONTEXT(2) 
PARAMETRIC_REPRESENTATION_CONTEXT() REPRESENTATION_CONTEXT('2D SPACE',''
  ) );
#1991 = PCURVE('',#1931,#1992);
#1992 = DEFINITIONAL_REPRESENTATION('',(#1993),#1997);
#1993 = LINE('',#1994,#1995);
#1994 = CARTESIAN_POINT('',(-31.,108.));
#1995 = VECTOR('',#1996,1.);
#1996 = DIRECTION('',(0.,1.));
#1997 = ( GEOMETRIC_REPRESENTATION_CONTEXT(2) 
PARAMETRIC_REPRESENTATION_CONTEXT() REPRESENTATION_CONTEXT('2D SPACE',''
  ) );
#1998 = ORIENTED_EDGE('',*,*,#1999,.T.);
#1999 = EDGE_CURVE('',#1975,#911,#2000,.T.);
#2000 = SURFACE_CURVE('',#2001,(#2006,#2013),.PCURVE_S1.);
#2001 = CIRCLE('',#2002,3.);
#2002 = AXIS2_PLACEMENT_3D('',#2003,#2004,#2005);
#2003 = CARTESIAN_POINT('',(203.,51.,420.));
#2004 = DIRECTION('',(0.,1.,0.));
#2005 = DIRECTION('',(0.,0.,-1.));
#2006 = PCURVE('',#949,#2007);
#2007 = DEFINITIONAL_REPRESENTATION('',(#2008),#2012);
#2008 = LINE('',#2009,#2010);
#2009 = CARTESIAN_POINT('',(0.,3.));
#2010 = VECTOR('',#2011,1.);
#2011 = DIRECTION('',(1.,0.));
#2012 = ( GEOMETRIC_REPRESENTATION_CONTEXT(2) 
PARAMETRIC_REPRESENTATION_CONTEXT() REPRESENTATION_CONTEXT('2D SPACE',''
  ) );
#2013 = PCURVE('',#2014,#2019);
#2014 = SPHERICAL_SURFACE('',#2015,3.);
#2015 = AXIS2_PLACEMENT_3D('',#2016,#2017,#2018);
#2016 = CARTESIAN_POINT('',(203.,51.,420.));
#2017 = DIRECTION('',(0.,1.,0.));
#2018 = DIRECTION('',(0.,0.,-1.));
#2019 = DEFINITIONAL_REPRESENTATION('',(#2020),#2024);
#2020 = LINE('',#2021,#2022);
#2021 = CARTESIAN_POINT('',(0.,0.));
#2022 = VECTOR('',#2023,1.);
#2023 = DIRECTION('',(1.,0.));
#2024 = ( GEOMETRIC_REPRESENTATION_CONTEXT(2) 
PARAMETRIC_REPRESENTATION_CONTEXT() REPRESENTATION_CONTEXT('2D SPACE',''
  ) );
#2025 = ORIENTED_EDGE('',*,*,#933,.T.);
#2026 = ORIENTED_EDGE('',*,*,#2027,.T.);
#2027 = EDGE_CURVE('',#934,#1977,#2028,.T.);
#2028 = SURFACE_CURVE('',#2029,(#2034,#2041),.PCURVE_S1.);
#2029 = CIRCLE('',#2030,3.);
#2030 = AXIS2_PLACEMENT_3D('',#2031,#2032,#2033);
#2031 = CARTESIAN_POINT('',(203.,57.,420.));
#2032 = DIRECTION('',(0.,-1.,-6.123233995737E-17));
#2033 = DIRECTION('',(0.,6.123233995737E-17,-1.));
#2034 = PCURVE('',#949,#2035);
#2035 = DEFINITIONAL_REPRESENTATION('',(#2036),#2040);
#2036 = LINE('',#2037,#2038);
#2037 = CARTESIAN_POINT('',(6.28318530718,9.));
#2038 = VECTOR('',#2039,1.);
#2039 = DIRECTION('',(-1.,-0.));
#2040 = ( GEOMETRIC_REPRESENTATION_CONTEXT(2) 
PARAMETRIC_REPRESENTATION_CONTEXT() REPRESENTATION_CONTEXT('2D SPACE',''
  ) );
#2041 = PCURVE('',#2042,#2047);
#2042 = SPHERICAL_SURFACE('',#2043,3.);
#2043 = AXIS2_PLACEMENT_3D('',#2044,#2045,#2046);
#2044 = CARTESIAN_POINT('',(203.,57.,420.));
#2045 = DIRECTION('',(1.,0.,-0.));
#2046 = DIRECTION('',(0.,1.,0.));
#2047 = DEFINITIONAL_REPRESENTATION('',(#2048),#2052);
#2048 = LINE('',#2049,#2050);
#2049 = CARTESIAN_POINT('',(-1.570796326795,-6.28318530718));
#2050 = VECTOR('',#2051,1.);
#2051 = DIRECTION('',(-0.,1.));
#2052 = ( GEOMETRIC_REPRESENTATION_CONTEXT(2) 
PARAMETRIC_REPRESENTATION_CONTEXT() REPRESENTATION_CONTEXT('2D SPACE',''
  ) );
#2053 = ADVANCED_FACE('',(#2054),#1102,.F.);
#2054 = FACE_BOUND('',#2055,.F.);
#2055 = EDGE_LOOP('',(#2056,#2057,#2058,#2059));
#2056 = ORIENTED_EDGE('',*,*,#1186,.F.);
#2057 = ORIENTED_EDGE('',*,*,#1235,.T.);
#2058 = ORIENTED_EDGE('',*,*,#1262,.T.);
#2059 = ORIENTED_EDGE('',*,*,#1086,.F.);
#2060 = ADVANCED_FACE('',(#2061),#1332,.T.);
#2061 = FACE_BOUND('',#2062,.F.);
#2062 = EDGE_LOOP('',(#2063,#2087,#2088,#2112));
#2063 = ORIENTED_EDGE('',*,*,#2064,.F.);
#2064 = EDGE_CURVE('',#860,#2065,#2067,.T.);
#2065 = VERTEX_POINT('',#2066);
#2066 = CARTESIAN_POINT('',(203.,-60.,420.));
#2067 = SURFACE_CURVE('',#2068,(#2073,#2080),.PCURVE_S1.);
#2068 = CIRCLE('',#2069,3.);
#2069 = AXIS2_PLACEMENT_3D('',#2070,#2071,#2072);
#2070 = CARTESIAN_POINT('',(203.,-57.,420.));
#2071 = DIRECTION('',(0.,0.,1.));
#2072 = DIRECTION('',(0.,-1.,0.));
#2073 = PCURVE('',#1332,#2074);
#2074 = DEFINITIONAL_REPRESENTATION('',(#2075),#2079);
#2075 = LINE('',#2076,#2077);
#2076 = CARTESIAN_POINT('',(-6.28318530718,3.));
#2077 = VECTOR('',#2078,1.);
#2078 = DIRECTION('',(1.,-0.));
#2079 = ( GEOMETRIC_REPRESENTATION_CONTEXT(2) 
PARAMETRIC_REPRESENTATION_CONTEXT() REPRESENTATION_CONTEXT('2D SPACE',''
  ) );
#2080 = PCURVE('',#1903,#2081);
#2081 = DEFINITIONAL_REPRESENTATION('',(#2082),#2086);
#2082 = LINE('',#2083,#2084);
#2083 = CARTESIAN_POINT('',(0.,-6.28318530718));
#2084 = VECTOR('',#2085,1.);
#2085 = DIRECTION('',(0.,1.));
#2086 = ( GEOMETRIC_REPRESENTATION_CONTEXT(2) 
PARAMETRIC_REPRESENTATION_CONTEXT() REPRESENTATION_CONTEXT('2D SPACE',''
  ) );
#2087 = ORIENTED_EDGE('',*,*,#1318,.T.);
#2088 = ORIENTED_EDGE('',*,*,#2089,.F.);
#2089 = EDGE_CURVE('',#2090,#335,#2092,.T.);
#2090 = VERTEX_POINT('',#2091);
#2091 = CARTESIAN_POINT('',(203.,-60.,426.));
#2092 = SURFACE_CURVE('',#2093,(#2098,#2105),.PCURVE_S1.);
#2093 = CIRCLE('',#2094,3.);
#2094 = AXIS2_PLACEMENT_3D('',#2095,#2096,#2097);
#2095 = CARTESIAN_POINT('',(203.,-57.,426.));
#2096 = DIRECTION('',(-6.123233995737E-17,0.,-1.));
#2097 = DIRECTION('',(-1.,-0.,6.123233995737E-17));
#2098 = PCURVE('',#1332,#2099);
#2099 = DEFINITIONAL_REPRESENTATION('',(#2100),#2104);
#2100 = LINE('',#2101,#2102);
#2101 = CARTESIAN_POINT('',(4.712388980385,9.));
#2102 = VECTOR('',#2103,1.);
#2103 = DIRECTION('',(-1.,0.));
#2104 = ( GEOMETRIC_REPRESENTATION_CONTEXT(2) 
PARAMETRIC_REPRESENTATION_CONTEXT() REPRESENTATION_CONTEXT('2D SPACE',''
  ) );
#2105 = PCURVE('',#1392,#2106);
#2106 = DEFINITIONAL_REPRESENTATION('',(#2107),#2111);
#2107 = LINE('',#2108,#2109);
#2108 = CARTESIAN_POINT('',(-1.570796326795,-6.28318530718));
#2109 = VECTOR('',#2110,1.);
#2110 = DIRECTION('',(-0.,1.));
#2111 = ( GEOMETRIC_REPRESENTATION_CONTEXT(2) 
PARAMETRIC_REPRESENTATION_CONTEXT() REPRESENTATION_CONTEXT('2D SPACE',''
  ) );
#2112 = ORIENTED_EDGE('',*,*,#2113,.F.);
#2113 = EDGE_CURVE('',#2065,#2090,#2114,.T.);
#2114 = SURFACE_CURVE('',#2115,(#2119,#2126),.PCURVE_S1.);
#2115 = LINE('',#2116,#2117);
#2116 = CARTESIAN_POINT('',(203.,-60.,417.));
#2117 = VECTOR('',#2118,1.);
#2118 = DIRECTION('',(0.,0.,1.));
#2119 = PCURVE('',#1332,#2120);
#2120 = DEFINITIONAL_REPRESENTATION('',(#2121),#2125);
#2121 = LINE('',#2122,#2123);
#2122 = CARTESIAN_POINT('',(-0.,0.));
#2123 = VECTOR('',#2124,1.);
#2124 = DIRECTION('',(-0.,1.));
#2125 = ( GEOMETRIC_REPRESENTATION_CONTEXT(2) 
PARAMETRIC_REPRESENTATION_CONTEXT() REPRESENTATION_CONTEXT('2D SPACE',''
  ) );
#2126 = PCURVE('',#2127,#2132);
#2127 = PLANE('',#2128);
#2128 = AXIS2_PLACEMENT_3D('',#2129,#2130,#2131);
#2129 = CARTESIAN_POINT('',(234.,-60.,417.));
#2130 = DIRECTION('',(0.,1.,0.));
#2131 = DIRECTION('',(0.,0.,1.));
#2132 = DEFINITIONAL_REPRESENTATION('',(#2133),#2137);
#2133 = LINE('',#2134,#2135);
#2134 = CARTESIAN_POINT('',(0.,-31.));
#2135 = VECTOR('',#2136,1.);
#2136 = DIRECTION('',(1.,0.));
#2137 = ( GEOMETRIC_REPRESENTATION_CONTEXT(2) 
PARAMETRIC_REPRESENTATION_CONTEXT() REPRESENTATION_CONTEXT('2D SPACE',''
  ) );
#2138 = ADVANCED_FACE('',(#2139),#1365,.T.);
#2139 = FACE_BOUND('',#2140,.T.);
#2140 = EDGE_LOOP('',(#2141,#2171,#2197,#2198,#2226,#2259,#2287,#2320,
    #2346,#2347));
#2141 = ORIENTED_EDGE('',*,*,#2142,.T.);
#2142 = EDGE_CURVE('',#2143,#2145,#2147,.T.);
#2143 = VERTEX_POINT('',#2144);
#2144 = CARTESIAN_POINT('',(243.,-57.,429.));
#2145 = VERTEX_POINT('',#2146);
#2146 = CARTESIAN_POINT('',(243.,57.,429.));
#2147 = SURFACE_CURVE('',#2148,(#2152,#2159),.PCURVE_S1.);
#2148 = LINE('',#2149,#2150);
#2149 = CARTESIAN_POINT('',(243.,-60.,429.));
#2150 = VECTOR('',#2151,1.);
#2151 = DIRECTION('',(0.,1.,0.));
#2152 = PCURVE('',#1365,#2153);
#2153 = DEFINITIONAL_REPRESENTATION('',(#2154),#2158);
#2154 = LINE('',#2155,#2156);
#2155 = CARTESIAN_POINT('',(9.,0.));
#2156 = VECTOR('',#2157,1.);
#2157 = DIRECTION('',(0.,1.));
#2158 = ( GEOMETRIC_REPRESENTATION_CONTEXT(2) 
PARAMETRIC_REPRESENTATION_CONTEXT() REPRESENTATION_CONTEXT('2D SPACE',''
  ) );
#2159 = PCURVE('',#2160,#2165);
#2160 = CYLINDRICAL_SURFACE('',#2161,3.);
#2161 = AXIS2_PLACEMENT_3D('',#2162,#2163,#2164);
#2162 = CARTESIAN_POINT('',(243.,-60.,426.));
#2163 = DIRECTION('',(0.,1.,0.));
#2164 = DIRECTION('',(0.,-0.,1.));
#2165 = DEFINITIONAL_REPRESENTATION('',(#2166),#2170);
#2166 = LINE('',#2167,#2168);
#2167 = CARTESIAN_POINT('',(0.,0.));
#2168 = VECTOR('',#2169,1.);
#2169 = DIRECTION('',(0.,1.));
#2170 = ( GEOMETRIC_REPRESENTATION_CONTEXT(2) 
PARAMETRIC_REPRESENTATION_CONTEXT() REPRESENTATION_CONTEXT('2D SPACE',''
  ) );
#2171 = ORIENTED_EDGE('',*,*,#2172,.T.);
#2172 = EDGE_CURVE('',#2145,#1495,#2173,.T.);
#2173 = SURFACE_CURVE('',#2174,(#2178,#2185),.PCURVE_S1.);
#2174 = LINE('',#2175,#2176);
#2175 = CARTESIAN_POINT('',(246.,57.,429.));
#2176 = VECTOR('',#2177,1.);
#2177 = DIRECTION('',(-1.,0.,0.));
#2178 = PCURVE('',#1365,#2179);
#2179 = DEFINITIONAL_REPRESENTATION('',(#2180),#2184);
#2180 = LINE('',#2181,#2182);
#2181 = CARTESIAN_POINT('',(12.,117.));
#2182 = VECTOR('',#2183,1.);
#2183 = DIRECTION('',(-1.,0.));
#2184 = ( GEOMETRIC_REPRESENTATION_CONTEXT(2) 
PARAMETRIC_REPRESENTATION_CONTEXT() REPRESENTATION_CONTEXT('2D SPACE',''
  ) );
#2185 = PCURVE('',#2186,#2191);
#2186 = CYLINDRICAL_SURFACE('',#2187,3.);
#2187 = AXIS2_PLACEMENT_3D('',#2188,#2189,#2190);
#2188 = CARTESIAN_POINT('',(246.,57.,426.));
#2189 = DIRECTION('',(-1.,0.,0.));
#2190 = DIRECTION('',(0.,0.,1.));
#2191 = DEFINITIONAL_REPRESENTATION('',(#2192),#2196);
#2192 = LINE('',#2193,#2194);
#2193 = CARTESIAN_POINT('',(0.,0.));
#2194 = VECTOR('',#2195,1.);
#2195 = DIRECTION('',(0.,1.));
#2196 = ( GEOMETRIC_REPRESENTATION_CONTEXT(2) 
PARAMETRIC_REPRESENTATION_CONTEXT() REPRESENTATION_CONTEXT('2D SPACE',''
  ) );
#2197 = ORIENTED_EDGE('',*,*,#1492,.F.);
#2198 = ORIENTED_EDGE('',*,*,#2199,.T.);
#2199 = EDGE_CURVE('',#1493,#2200,#2202,.T.);
#2200 = VERTEX_POINT('',#2201);
#2201 = CARTESIAN_POINT('',(231.,51.,429.));
#2202 = SURFACE_CURVE('',#2203,(#2207,#2214),.PCURVE_S1.);
#2203 = LINE('',#2204,#2205);
#2204 = CARTESIAN_POINT('',(200.,51.,429.));
#2205 = VECTOR('',#2206,1.);
#2206 = DIRECTION('',(1.,0.,0.));
#2207 = PCURVE('',#1365,#2208);
#2208 = DEFINITIONAL_REPRESENTATION('',(#2209),#2213);
#2209 = LINE('',#2210,#2211);
#2210 = CARTESIAN_POINT('',(-34.,111.));
#2211 = VECTOR('',#2212,1.);
#2212 = DIRECTION('',(1.,0.));
#2213 = ( GEOMETRIC_REPRESENTATION_CONTEXT(2) 
PARAMETRIC_REPRESENTATION_CONTEXT() REPRESENTATION_CONTEXT('2D SPACE',''
  ) );
#2214 = PCURVE('',#2215,#2220);
#2215 = CYLINDRICAL_SURFACE('',#2216,3.);
#2216 = AXIS2_PLACEMENT_3D('',#2217,#2218,#2219);
#2217 = CARTESIAN_POINT('',(200.,51.,426.));
#2218 = DIRECTION('',(1.,0.,0.));
#2219 = DIRECTION('',(0.,0.,1.));
#2220 = DEFINITIONAL_REPRESENTATION('',(#2221),#2225);
#2221 = LINE('',#2222,#2223);
#2222 = CARTESIAN_POINT('',(0.,0.));
#2223 = VECTOR('',#2224,1.);
#2224 = DIRECTION('',(0.,1.));
#2225 = ( GEOMETRIC_REPRESENTATION_CONTEXT(2) 
PARAMETRIC_REPRESENTATION_CONTEXT() REPRESENTATION_CONTEXT('2D SPACE',''
  ) );
#2226 = ORIENTED_EDGE('',*,*,#2227,.T.);
#2227 = EDGE_CURVE('',#2200,#2228,#2230,.T.);
#2228 = VERTEX_POINT('',#2229);
#2229 = CARTESIAN_POINT('',(237.,45.,429.));
#2230 = SURFACE_CURVE('',#2231,(#2236,#2247),.PCURVE_S1.);
#2231 = CIRCLE('',#2232,6.);
#2232 = AXIS2_PLACEMENT_3D('',#2233,#2234,#2235);
#2233 = CARTESIAN_POINT('',(231.,45.,429.));
#2234 = DIRECTION('',(0.,-0.,-1.));
#2235 = DIRECTION('',(0.,1.,-0.));
#2236 = PCURVE('',#1365,#2237);
#2237 = DEFINITIONAL_REPRESENTATION('',(#2238),#2246);
#2238 = ( BOUNDED_CURVE() B_SPLINE_CURVE(2,(#2239,#2240,#2241,#2242,
#2243,#2244,#2245),.UNSPECIFIED.,.T.,.F.) B_SPLINE_CURVE_WITH_KNOTS((1,2
    ,2,2,2,1),(-2.094395102393,0.,2.094395102393,4.188790204786,
6.28318530718,8.377580409573),.UNSPECIFIED.) CURVE() 
GEOMETRIC_REPRESENTATION_ITEM() RATIONAL_B_SPLINE_CURVE((1.,0.5,1.,0.5,
1.,0.5,1.)) REPRESENTATION_ITEM('') );
#2239 = CARTESIAN_POINT('',(-3.,111.));
#2240 = CARTESIAN_POINT('',(7.392304845413,111.));
#2241 = CARTESIAN_POINT('',(2.196152422707,102.));
#2242 = CARTESIAN_POINT('',(-3.,93.));
#2243 = CARTESIAN_POINT('',(-8.196152422707,102.));
#2244 = CARTESIAN_POINT('',(-13.39230484541,111.));
#2245 = CARTESIAN_POINT('',(-3.,111.));
#2246 = ( GEOMETRIC_REPRESENTATION_CONTEXT(2) 
PARAMETRIC_REPRESENTATION_CONTEXT() REPRESENTATION_CONTEXT('2D SPACE',''
  ) );
#2247 = PCURVE('',#2248,#2253);
#2248 = TOROIDAL_SURFACE('',#2249,6.,3.);
#2249 = AXIS2_PLACEMENT_3D('',#2250,#2251,#2252);
#2250 = CARTESIAN_POINT('',(231.,45.,426.));
#2251 = DIRECTION('',(0.,0.,1.));
#2252 = DIRECTION('',(0.,1.,-0.));
#2253 = DEFINITIONAL_REPRESENTATION('',(#2254),#2258);
#2254 = LINE('',#2255,#2256);
#2255 = CARTESIAN_POINT('',(-0.,1.570796326795));
#2256 = VECTOR('',#2257,1.);
#2257 = DIRECTION('',(-1.,0.));
#2258 = ( GEOMETRIC_REPRESENTATION_CONTEXT(2) 
PARAMETRIC_REPRESENTATION_CONTEXT() REPRESENTATION_CONTEXT('2D SPACE',''
  ) );
#2259 = ORIENTED_EDGE('',*,*,#2260,.F.);
#2260 = EDGE_CURVE('',#2261,#2228,#2263,.T.);
#2261 = VERTEX_POINT('',#2262);
#2262 = CARTESIAN_POINT('',(237.,-45.,429.));
#2263 = SURFACE_CURVE('',#2264,(#2268,#2275),.PCURVE_S1.);
#2264 = LINE('',#2265,#2266);
#2265 = CARTESIAN_POINT('',(237.,-48.,429.));
#2266 = VECTOR('',#2267,1.);
#2267 = DIRECTION('',(0.,1.,0.));
#2268 = PCURVE('',#1365,#2269);
#2269 = DEFINITIONAL_REPRESENTATION('',(#2270),#2274);
#2270 = LINE('',#2271,#2272);
#2271 = CARTESIAN_POINT('',(3.,12.));
#2272 = VECTOR('',#2273,1.);
#2273 = DIRECTION('',(0.,1.));
#2274 = ( GEOMETRIC_REPRESENTATION_CONTEXT(2) 
PARAMETRIC_REPRESENTATION_CONTEXT() REPRESENTATION_CONTEXT('2D SPACE',''
  ) );
#2275 = PCURVE('',#2276,#2281);
#2276 = CYLINDRICAL_SURFACE('',#2277,3.);
#2277 = AXIS2_PLACEMENT_3D('',#2278,#2279,#2280);
#2278 = CARTESIAN_POINT('',(237.,-48.,426.));
#2279 = DIRECTION('',(0.,1.,0.));
#2280 = DIRECTION('',(0.,-0.,1.));
#2281 = DEFINITIONAL_REPRESENTATION('',(#2282),#2286);
#2282 = LINE('',#2283,#2284);
#2283 = CARTESIAN_POINT('',(-0.,0.));
#2284 = VECTOR('',#2285,1.);
#2285 = DIRECTION('',(-0.,1.));
#2286 = ( GEOMETRIC_REPRESENTATION_CONTEXT(2) 
PARAMETRIC_REPRESENTATION_CONTEXT() REPRESENTATION_CONTEXT('2D SPACE',''
  ) );
#2287 = ORIENTED_EDGE('',*,*,#2288,.T.);
#2288 = EDGE_CURVE('',#2261,#2289,#2291,.T.);
#2289 = VERTEX_POINT('',#2290);
#2290 = CARTESIAN_POINT('',(231.,-51.,429.));
#2291 = SURFACE_CURVE('',#2292,(#2297,#2308),.PCURVE_S1.);
#2292 = CIRCLE('',#2293,6.);
#2293 = AXIS2_PLACEMENT_3D('',#2294,#2295,#2296);
#2294 = CARTESIAN_POINT('',(231.,-45.,429.));
#2295 = DIRECTION('',(0.,-0.,-1.));
#2296 = DIRECTION('',(1.,0.,-0.));
#2297 = PCURVE('',#1365,#2298);
#2298 = DEFINITIONAL_REPRESENTATION('',(#2299),#2307);
#2299 = ( BOUNDED_CURVE() B_SPLINE_CURVE(2,(#2300,#2301,#2302,#2303,
#2304,#2305,#2306),.UNSPECIFIED.,.T.,.F.) B_SPLINE_CURVE_WITH_KNOTS((1,2
    ,2,2,2,1),(-2.094395102393,0.,2.094395102393,4.188790204786,
6.28318530718,8.377580409573),.UNSPECIFIED.) CURVE() 
GEOMETRIC_REPRESENTATION_ITEM() RATIONAL_B_SPLINE_CURVE((1.,0.5,1.,0.5,
1.,0.5,1.)) REPRESENTATION_ITEM('') );
#2300 = CARTESIAN_POINT('',(3.,15.));
#2301 = CARTESIAN_POINT('',(3.,4.607695154587));
#2302 = CARTESIAN_POINT('',(-6.,9.803847577293));
#2303 = CARTESIAN_POINT('',(-15.,15.));
#2304 = CARTESIAN_POINT('',(-6.,20.196152422707));
#2305 = CARTESIAN_POINT('',(3.,25.392304845413));
#2306 = CARTESIAN_POINT('',(3.,15.));
#2307 = ( GEOMETRIC_REPRESENTATION_CONTEXT(2) 
PARAMETRIC_REPRESENTATION_CONTEXT() REPRESENTATION_CONTEXT('2D SPACE',''
  ) );
#2308 = PCURVE('',#2309,#2314);
#2309 = TOROIDAL_SURFACE('',#2310,6.,3.);
#2310 = AXIS2_PLACEMENT_3D('',#2311,#2312,#2313);
#2311 = CARTESIAN_POINT('',(231.,-45.,426.));
#2312 = DIRECTION('',(0.,0.,1.));
#2313 = DIRECTION('',(1.,0.,-0.));
#2314 = DEFINITIONAL_REPRESENTATION('',(#2315),#2319);
#2315 = LINE('',#2316,#2317);
#2316 = CARTESIAN_POINT('',(-0.,1.570796326795));
#2317 = VECTOR('',#2318,1.);
#2318 = DIRECTION('',(-1.,0.));
#2319 = ( GEOMETRIC_REPRESENTATION_CONTEXT(2) 
PARAMETRIC_REPRESENTATION_CONTEXT() REPRESENTATION_CONTEXT('2D SPACE',''
  ) );
#2320 = ORIENTED_EDGE('',*,*,#2321,.F.);
#2321 = EDGE_CURVE('',#1350,#2289,#2322,.T.);
#2322 = SURFACE_CURVE('',#2323,(#2327,#2334),.PCURVE_S1.);
#2323 = LINE('',#2324,#2325);
#2324 = CARTESIAN_POINT('',(200.,-51.,429.));
#2325 = VECTOR('',#2326,1.);
#2326 = DIRECTION('',(1.,0.,0.));
#2327 = PCURVE('',#1365,#2328);
#2328 = DEFINITIONAL_REPRESENTATION('',(#2329),#2333);
#2329 = LINE('',#2330,#2331);
#2330 = CARTESIAN_POINT('',(-34.,9.));
#2331 = VECTOR('',#2332,1.);
#2332 = DIRECTION('',(1.,0.));
#2333 = ( GEOMETRIC_REPRESENTATION_CONTEXT(2) 
PARAMETRIC_REPRESENTATION_CONTEXT() REPRESENTATION_CONTEXT('2D SPACE',''
  ) );
#2334 = PCURVE('',#2335,#2340);
#2335 = CYLINDRICAL_SURFACE('',#2336,3.);
#2336 = AXIS2_PLACEMENT_3D('',#2337,#2338,#2339);
#2337 = CARTESIAN_POINT('',(200.,-51.,426.));
#2338 = DIRECTION('',(1.,0.,0.));
#2339 = DIRECTION('',(0.,0.,1.));
#2340 = DEFINITIONAL_REPRESENTATION('',(#2341),#2345);
#2341 = LINE('',#2342,#2343);
#2342 = CARTESIAN_POINT('',(-0.,0.));
#2343 = VECTOR('',#2344,1.);
#2344 = DIRECTION('',(-0.,1.));
#2345 = ( GEOMETRIC_REPRESENTATION_CONTEXT(2) 
PARAMETRIC_REPRESENTATION_CONTEXT() REPRESENTATION_CONTEXT('2D SPACE',''
  ) );
#2346 = ORIENTED_EDGE('',*,*,#1347,.F.);
#2347 = ORIENTED_EDGE('',*,*,#2348,.T.);
#2348 = EDGE_CURVE('',#1348,#2143,#2349,.T.);
#2349 = SURFACE_CURVE('',#2350,(#2354,#2361),.PCURVE_S1.);
#2350 = LINE('',#2351,#2352);
#2351 = CARTESIAN_POINT('',(200.,-57.,429.));
#2352 = VECTOR('',#2353,1.);
#2353 = DIRECTION('',(1.,0.,0.));
#2354 = PCURVE('',#1365,#2355);
#2355 = DEFINITIONAL_REPRESENTATION('',(#2356),#2360);
#2356 = LINE('',#2357,#2358);
#2357 = CARTESIAN_POINT('',(-34.,3.));
#2358 = VECTOR('',#2359,1.);
#2359 = DIRECTION('',(1.,0.));
#2360 = ( GEOMETRIC_REPRESENTATION_CONTEXT(2) 
PARAMETRIC_REPRESENTATION_CONTEXT() REPRESENTATION_CONTEXT('2D SPACE',''
  ) );
#2361 = PCURVE('',#2362,#2367);
#2362 = CYLINDRICAL_SURFACE('',#2363,3.);
#2363 = AXIS2_PLACEMENT_3D('',#2364,#2365,#2366);
#2364 = CARTESIAN_POINT('',(200.,-57.,426.));
#2365 = DIRECTION('',(1.,0.,0.));
#2366 = DIRECTION('',(0.,0.,1.));
#2367 = DEFINITIONAL_REPRESENTATION('',(#2368),#2372);
#2368 = LINE('',#2369,#2370);
#2369 = CARTESIAN_POINT('',(0.,0.));
#2370 = VECTOR('',#2371,1.);
#2371 = DIRECTION('',(0.,1.));
#2372 = ( GEOMETRIC_REPRESENTATION_CONTEXT(2) 
PARAMETRIC_REPRESENTATION_CONTEXT() REPRESENTATION_CONTEXT('2D SPACE',''
  ) );
#2373 = ADVANCED_FACE('',(#2374),#1392,.T.);
#2374 = FACE_BOUND('',#2375,.F.);
#2375 = EDGE_LOOP('',(#2376,#2398,#2399));
#2376 = ORIENTED_EDGE('',*,*,#2377,.F.);
#2377 = EDGE_CURVE('',#2090,#1348,#2378,.T.);
#2378 = SURFACE_CURVE('',#2379,(#2384,#2391),.PCURVE_S1.);
#2379 = CIRCLE('',#2380,3.);
#2380 = AXIS2_PLACEMENT_3D('',#2381,#2382,#2383);
#2381 = CARTESIAN_POINT('',(203.,-57.,426.));
#2382 = DIRECTION('',(-1.,0.,0.));
#2383 = DIRECTION('',(0.,0.,1.));
#2384 = PCURVE('',#1392,#2385);
#2385 = DEFINITIONAL_REPRESENTATION('',(#2386),#2390);
#2386 = LINE('',#2387,#2388);
#2387 = CARTESIAN_POINT('',(-0.,-6.28318530718));
#2388 = VECTOR('',#2389,1.);
#2389 = DIRECTION('',(-0.,1.));
#2390 = ( GEOMETRIC_REPRESENTATION_CONTEXT(2) 
PARAMETRIC_REPRESENTATION_CONTEXT() REPRESENTATION_CONTEXT('2D SPACE',''
  ) );
#2391 = PCURVE('',#2362,#2392);
#2392 = DEFINITIONAL_REPRESENTATION('',(#2393),#2397);
#2393 = LINE('',#2394,#2395);
#2394 = CARTESIAN_POINT('',(6.28318530718,3.));
#2395 = VECTOR('',#2396,1.);
#2396 = DIRECTION('',(-1.,-0.));
#2397 = ( GEOMETRIC_REPRESENTATION_CONTEXT(2) 
PARAMETRIC_REPRESENTATION_CONTEXT() REPRESENTATION_CONTEXT('2D SPACE',''
  ) );
#2398 = ORIENTED_EDGE('',*,*,#2089,.T.);
#2399 = ORIENTED_EDGE('',*,*,#1377,.F.);
#2400 = ADVANCED_FACE('',(#2401),#1420,.T.);
#2401 = FACE_BOUND('',#2402,.F.);
#2402 = EDGE_LOOP('',(#2403,#2404,#2428));
#2403 = ORIENTED_EDGE('',*,*,#1405,.F.);
#2404 = ORIENTED_EDGE('',*,*,#2405,.T.);
#2405 = EDGE_CURVE('',#363,#2406,#2408,.T.);
#2406 = VERTEX_POINT('',#2407);
#2407 = CARTESIAN_POINT('',(203.,-48.,426.));
#2408 = SURFACE_CURVE('',#2409,(#2414,#2421),.PCURVE_S1.);
#2409 = CIRCLE('',#2410,3.);
#2410 = AXIS2_PLACEMENT_3D('',#2411,#2412,#2413);
#2411 = CARTESIAN_POINT('',(203.,-51.,426.));
#2412 = DIRECTION('',(-0.,6.123233995737E-17,-1.));
#2413 = DIRECTION('',(0.,1.,6.123233995737E-17));
#2414 = PCURVE('',#1420,#2415);
#2415 = DEFINITIONAL_REPRESENTATION('',(#2416),#2420);
#2416 = LINE('',#2417,#2418);
#2417 = CARTESIAN_POINT('',(-1.570796326795,-6.28318530718));
#2418 = VECTOR('',#2419,1.);
#2419 = DIRECTION('',(-0.,1.));
#2420 = ( GEOMETRIC_REPRESENTATION_CONTEXT(2) 
PARAMETRIC_REPRESENTATION_CONTEXT() REPRESENTATION_CONTEXT('2D SPACE',''
  ) );
#2421 = PCURVE('',#1450,#2422);
#2422 = DEFINITIONAL_REPRESENTATION('',(#2423),#2427);
#2423 = LINE('',#2424,#2425);
#2424 = CARTESIAN_POINT('',(4.712388980385,9.));
#2425 = VECTOR('',#2426,1.);
#2426 = DIRECTION('',(-1.,0.));
#2427 = ( GEOMETRIC_REPRESENTATION_CONTEXT(2) 
PARAMETRIC_REPRESENTATION_CONTEXT() REPRESENTATION_CONTEXT('2D SPACE',''
  ) );
#2428 = ORIENTED_EDGE('',*,*,#2429,.F.);
#2429 = EDGE_CURVE('',#1350,#2406,#2430,.T.);
#2430 = SURFACE_CURVE('',#2431,(#2436,#2443),.PCURVE_S1.);
#2431 = CIRCLE('',#2432,3.);
#2432 = AXIS2_PLACEMENT_3D('',#2433,#2434,#2435);
#2433 = CARTESIAN_POINT('',(203.,-51.,426.));
#2434 = DIRECTION('',(-1.,-0.,0.));
#2435 = DIRECTION('',(0.,0.,1.));
#2436 = PCURVE('',#1420,#2437);
#2437 = DEFINITIONAL_REPRESENTATION('',(#2438),#2442);
#2438 = LINE('',#2439,#2440);
#2439 = CARTESIAN_POINT('',(-0.,0.));
#2440 = VECTOR('',#2441,1.);
#2441 = DIRECTION('',(-1.,0.));
#2442 = ( GEOMETRIC_REPRESENTATION_CONTEXT(2) 
PARAMETRIC_REPRESENTATION_CONTEXT() REPRESENTATION_CONTEXT('2D SPACE',''
  ) );
#2443 = PCURVE('',#2335,#2444);
#2444 = DEFINITIONAL_REPRESENTATION('',(#2445),#2449);
#2445 = LINE('',#2446,#2447);
#2446 = CARTESIAN_POINT('',(-0.,3.));
#2447 = VECTOR('',#2448,1.);
#2448 = DIRECTION('',(-1.,0.));
#2449 = ( GEOMETRIC_REPRESENTATION_CONTEXT(2) 
PARAMETRIC_REPRESENTATION_CONTEXT() REPRESENTATION_CONTEXT('2D SPACE',''
  ) );
#2450 = ADVANCED_FACE('',(#2451),#1477,.T.);
#2451 = FACE_BOUND('',#2452,.F.);
#2452 = EDGE_LOOP('',(#2453,#2477,#2478,#2502));
#2453 = ORIENTED_EDGE('',*,*,#2454,.T.);
#2454 = EDGE_CURVE('',#2455,#911,#2457,.T.);
#2455 = VERTEX_POINT('',#2456);
#2456 = CARTESIAN_POINT('',(203.,48.,420.));
#2457 = SURFACE_CURVE('',#2458,(#2463,#2470),.PCURVE_S1.);
#2458 = CIRCLE('',#2459,3.);
#2459 = AXIS2_PLACEMENT_3D('',#2460,#2461,#2462);
#2460 = CARTESIAN_POINT('',(203.,51.,420.));
#2461 = DIRECTION('',(6.123233995737E-17,0.,-1.));
#2462 = DIRECTION('',(-1.,0.,-6.123233995737E-17));
#2463 = PCURVE('',#1477,#2464);
#2464 = DEFINITIONAL_REPRESENTATION('',(#2465),#2469);
#2465 = LINE('',#2466,#2467);
#2466 = CARTESIAN_POINT('',(4.712388980385,3.));
#2467 = VECTOR('',#2468,1.);
#2468 = DIRECTION('',(-1.,0.));
#2469 = ( GEOMETRIC_REPRESENTATION_CONTEXT(2) 
PARAMETRIC_REPRESENTATION_CONTEXT() REPRESENTATION_CONTEXT('2D SPACE',''
  ) );
#2470 = PCURVE('',#2014,#2471);
#2471 = DEFINITIONAL_REPRESENTATION('',(#2472),#2476);
#2472 = LINE('',#2473,#2474);
#2473 = CARTESIAN_POINT('',(1.570796326795,-6.28318530718));
#2474 = VECTOR('',#2475,1.);
#2475 = DIRECTION('',(0.,1.));
#2476 = ( GEOMETRIC_REPRESENTATION_CONTEXT(2) 
PARAMETRIC_REPRESENTATION_CONTEXT() REPRESENTATION_CONTEXT('2D SPACE',''
  ) );
#2477 = ORIENTED_EDGE('',*,*,#1463,.T.);
#2478 = ORIENTED_EDGE('',*,*,#2479,.F.);
#2479 = EDGE_CURVE('',#2480,#391,#2482,.T.);
#2480 = VERTEX_POINT('',#2481);
#2481 = CARTESIAN_POINT('',(203.,48.,426.));
#2482 = SURFACE_CURVE('',#2483,(#2488,#2495),.PCURVE_S1.);
#2483 = CIRCLE('',#2484,3.);
#2484 = AXIS2_PLACEMENT_3D('',#2485,#2486,#2487);
#2485 = CARTESIAN_POINT('',(203.,51.,426.));
#2486 = DIRECTION('',(-6.123233995737E-17,0.,-1.));
#2487 = DIRECTION('',(-1.,-0.,6.123233995737E-17));
#2488 = PCURVE('',#1477,#2489);
#2489 = DEFINITIONAL_REPRESENTATION('',(#2490),#2494);
#2490 = LINE('',#2491,#2492);
#2491 = CARTESIAN_POINT('',(4.712388980385,9.));
#2492 = VECTOR('',#2493,1.);
#2493 = DIRECTION('',(-1.,0.));
#2494 = ( GEOMETRIC_REPRESENTATION_CONTEXT(2) 
PARAMETRIC_REPRESENTATION_CONTEXT() REPRESENTATION_CONTEXT('2D SPACE',''
  ) );
#2495 = PCURVE('',#1532,#2496);
#2496 = DEFINITIONAL_REPRESENTATION('',(#2497),#2501);
#2497 = LINE('',#2498,#2499);
#2498 = CARTESIAN_POINT('',(-1.570796326795,-6.28318530718));
#2499 = VECTOR('',#2500,1.);
#2500 = DIRECTION('',(-0.,1.));
#2501 = ( GEOMETRIC_REPRESENTATION_CONTEXT(2) 
PARAMETRIC_REPRESENTATION_CONTEXT() REPRESENTATION_CONTEXT('2D SPACE',''
  ) );
#2502 = ORIENTED_EDGE('',*,*,#2503,.F.);
#2503 = EDGE_CURVE('',#2455,#2480,#2504,.T.);
#2504 = SURFACE_CURVE('',#2505,(#2509,#2516),.PCURVE_S1.);
#2505 = LINE('',#2506,#2507);
#2506 = CARTESIAN_POINT('',(203.,48.,417.));
#2507 = VECTOR('',#2508,1.);
#2508 = DIRECTION('',(0.,0.,1.));
#2509 = PCURVE('',#1477,#2510);
#2510 = DEFINITIONAL_REPRESENTATION('',(#2511),#2515);
#2511 = LINE('',#2512,#2513);
#2512 = CARTESIAN_POINT('',(-0.,0.));
#2513 = VECTOR('',#2514,1.);
#2514 = DIRECTION('',(-0.,1.));
#2515 = ( GEOMETRIC_REPRESENTATION_CONTEXT(2) 
PARAMETRIC_REPRESENTATION_CONTEXT() REPRESENTATION_CONTEXT('2D SPACE',''
  ) );
#2516 = PCURVE('',#2517,#2522);
#2517 = PLANE('',#2518);
#2518 = AXIS2_PLACEMENT_3D('',#2519,#2520,#2521);
#2519 = CARTESIAN_POINT('',(200.,48.,417.));
#2520 = DIRECTION('',(0.,1.,0.));
#2521 = DIRECTION('',(0.,0.,1.));
#2522 = DEFINITIONAL_REPRESENTATION('',(#2523),#2527);
#2523 = LINE('',#2524,#2525);
#2524 = CARTESIAN_POINT('',(0.,3.));
#2525 = VECTOR('',#2526,1.);
#2526 = DIRECTION('',(1.,0.));
#2527 = ( GEOMETRIC_REPRESENTATION_CONTEXT(2) 
PARAMETRIC_REPRESENTATION_CONTEXT() REPRESENTATION_CONTEXT('2D SPACE',''
  ) );
#2528 = ADVANCED_FACE('',(#2529),#1450,.T.);
#2529 = FACE_BOUND('',#2530,.F.);
#2530 = EDGE_LOOP('',(#2531,#2532,#2556,#2582));
#2531 = ORIENTED_EDGE('',*,*,#1436,.F.);
#2532 = ORIENTED_EDGE('',*,*,#2533,.T.);
#2533 = EDGE_CURVE('',#883,#2534,#2536,.T.);
#2534 = VERTEX_POINT('',#2535);
#2535 = CARTESIAN_POINT('',(203.,-48.,420.));
#2536 = SURFACE_CURVE('',#2537,(#2542,#2549),.PCURVE_S1.);
#2537 = CIRCLE('',#2538,3.);
#2538 = AXIS2_PLACEMENT_3D('',#2539,#2540,#2541);
#2539 = CARTESIAN_POINT('',(203.,-51.,420.));
#2540 = DIRECTION('',(-0.,0.,-1.));
#2541 = DIRECTION('',(-1.,0.,0.));
#2542 = PCURVE('',#1450,#2543);
#2543 = DEFINITIONAL_REPRESENTATION('',(#2544),#2548);
#2544 = LINE('',#2545,#2546);
#2545 = CARTESIAN_POINT('',(-0.,3.));
#2546 = VECTOR('',#2547,1.);
#2547 = DIRECTION('',(-1.,0.));
#2548 = ( GEOMETRIC_REPRESENTATION_CONTEXT(2) 
PARAMETRIC_REPRESENTATION_CONTEXT() REPRESENTATION_CONTEXT('2D SPACE',''
  ) );
#2549 = PCURVE('',#1958,#2550);
#2550 = DEFINITIONAL_REPRESENTATION('',(#2551),#2555);
#2551 = LINE('',#2552,#2553);
#2552 = CARTESIAN_POINT('',(-0.,0.));
#2553 = VECTOR('',#2554,1.);
#2554 = DIRECTION('',(-1.,0.));
#2555 = ( GEOMETRIC_REPRESENTATION_CONTEXT(2) 
PARAMETRIC_REPRESENTATION_CONTEXT() REPRESENTATION_CONTEXT('2D SPACE',''
  ) );
#2556 = ORIENTED_EDGE('',*,*,#2557,.T.);
#2557 = EDGE_CURVE('',#2534,#2406,#2558,.T.);
#2558 = SURFACE_CURVE('',#2559,(#2563,#2570),.PCURVE_S1.);
#2559 = LINE('',#2560,#2561);
#2560 = CARTESIAN_POINT('',(203.,-48.,417.));
#2561 = VECTOR('',#2562,1.);
#2562 = DIRECTION('',(0.,0.,1.));
#2563 = PCURVE('',#1450,#2564);
#2564 = DEFINITIONAL_REPRESENTATION('',(#2565),#2569);
#2565 = LINE('',#2566,#2567);
#2566 = CARTESIAN_POINT('',(-1.570796326795,0.));
#2567 = VECTOR('',#2568,1.);
#2568 = DIRECTION('',(-0.,1.));
#2569 = ( GEOMETRIC_REPRESENTATION_CONTEXT(2) 
PARAMETRIC_REPRESENTATION_CONTEXT() REPRESENTATION_CONTEXT('2D SPACE',''
  ) );
#2570 = PCURVE('',#2571,#2576);
#2571 = PLANE('',#2572);
#2572 = AXIS2_PLACEMENT_3D('',#2573,#2574,#2575);
#2573 = CARTESIAN_POINT('',(200.,-48.,417.));
#2574 = DIRECTION('',(0.,1.,0.));
#2575 = DIRECTION('',(0.,0.,1.));
#2576 = DEFINITIONAL_REPRESENTATION('',(#2577),#2581);
#2577 = LINE('',#2578,#2579);
#2578 = CARTESIAN_POINT('',(0.,3.));
#2579 = VECTOR('',#2580,1.);
#2580 = DIRECTION('',(1.,0.));
#2581 = ( GEOMETRIC_REPRESENTATION_CONTEXT(2) 
PARAMETRIC_REPRESENTATION_CONTEXT() REPRESENTATION_CONTEXT('2D SPACE',''
  ) );
#2582 = ORIENTED_EDGE('',*,*,#2405,.F.);
#2583 = ADVANCED_FACE('',(#2584),#1532,.T.);
#2584 = FACE_BOUND('',#2585,.F.);
#2585 = EDGE_LOOP('',(#2586,#2608,#2609));
#2586 = ORIENTED_EDGE('',*,*,#2587,.F.);
#2587 = EDGE_CURVE('',#2480,#1493,#2588,.T.);
#2588 = SURFACE_CURVE('',#2589,(#2594,#2601),.PCURVE_S1.);
#2589 = CIRCLE('',#2590,3.);
#2590 = AXIS2_PLACEMENT_3D('',#2591,#2592,#2593);
#2591 = CARTESIAN_POINT('',(203.,51.,426.));
#2592 = DIRECTION('',(-1.,0.,0.));
#2593 = DIRECTION('',(0.,0.,1.));
#2594 = PCURVE('',#1532,#2595);
#2595 = DEFINITIONAL_REPRESENTATION('',(#2596),#2600);
#2596 = LINE('',#2597,#2598);
#2597 = CARTESIAN_POINT('',(-0.,-6.28318530718));
#2598 = VECTOR('',#2599,1.);
#2599 = DIRECTION('',(-0.,1.));
#2600 = ( GEOMETRIC_REPRESENTATION_CONTEXT(2) 
PARAMETRIC_REPRESENTATION_CONTEXT() REPRESENTATION_CONTEXT('2D SPACE',''
  ) );
#2601 = PCURVE('',#2215,#2602);
#2602 = DEFINITIONAL_REPRESENTATION('',(#2603),#2607);
#2603 = LINE('',#2604,#2605);
#2604 = CARTESIAN_POINT('',(6.28318530718,3.));
#2605 = VECTOR('',#2606,1.);
#2606 = DIRECTION('',(-1.,-0.));
#2607 = ( GEOMETRIC_REPRESENTATION_CONTEXT(2) 
PARAMETRIC_REPRESENTATION_CONTEXT() REPRESENTATION_CONTEXT('2D SPACE',''
  ) );
#2608 = ORIENTED_EDGE('',*,*,#2479,.T.);
#2609 = ORIENTED_EDGE('',*,*,#1517,.F.);
#2610 = ADVANCED_FACE('',(#2611),#1560,.T.);
#2611 = FACE_BOUND('',#2612,.F.);
#2612 = EDGE_LOOP('',(#2613,#2614,#2638));
#2613 = ORIENTED_EDGE('',*,*,#1545,.F.);
#2614 = ORIENTED_EDGE('',*,*,#2615,.T.);
#2615 = EDGE_CURVE('',#419,#2616,#2618,.T.);
#2616 = VERTEX_POINT('',#2617);
#2617 = CARTESIAN_POINT('',(203.,60.,426.));
#2618 = SURFACE_CURVE('',#2619,(#2624,#2631),.PCURVE_S1.);
#2619 = CIRCLE('',#2620,3.);
#2620 = AXIS2_PLACEMENT_3D('',#2621,#2622,#2623);
#2621 = CARTESIAN_POINT('',(203.,57.,426.));
#2622 = DIRECTION('',(-0.,6.123233995737E-17,-1.));
#2623 = DIRECTION('',(0.,1.,6.123233995737E-17));
#2624 = PCURVE('',#1560,#2625);
#2625 = DEFINITIONAL_REPRESENTATION('',(#2626),#2630);
#2626 = LINE('',#2627,#2628);
#2627 = CARTESIAN_POINT('',(-1.570796326795,-6.28318530718));
#2628 = VECTOR('',#2629,1.);
#2629 = DIRECTION('',(-0.,1.));
#2630 = ( GEOMETRIC_REPRESENTATION_CONTEXT(2) 
PARAMETRIC_REPRESENTATION_CONTEXT() REPRESENTATION_CONTEXT('2D SPACE',''
  ) );
#2631 = PCURVE('',#1590,#2632);
#2632 = DEFINITIONAL_REPRESENTATION('',(#2633),#2637);
#2633 = LINE('',#2634,#2635);
#2634 = CARTESIAN_POINT('',(6.28318530718,9.));
#2635 = VECTOR('',#2636,1.);
#2636 = DIRECTION('',(-1.,-0.));
#2637 = ( GEOMETRIC_REPRESENTATION_CONTEXT(2) 
PARAMETRIC_REPRESENTATION_CONTEXT() REPRESENTATION_CONTEXT('2D SPACE',''
  ) );
#2638 = ORIENTED_EDGE('',*,*,#2639,.F.);
#2639 = EDGE_CURVE('',#1495,#2616,#2640,.T.);
#2640 = SURFACE_CURVE('',#2641,(#2646,#2653),.PCURVE_S1.);
#2641 = CIRCLE('',#2642,3.);
#2642 = AXIS2_PLACEMENT_3D('',#2643,#2644,#2645);
#2643 = CARTESIAN_POINT('',(203.,57.,426.));
#2644 = DIRECTION('',(-1.,-0.,0.));
#2645 = DIRECTION('',(0.,0.,1.));
#2646 = PCURVE('',#1560,#2647);
#2647 = DEFINITIONAL_REPRESENTATION('',(#2648),#2652);
#2648 = LINE('',#2649,#2650);
#2649 = CARTESIAN_POINT('',(-0.,0.));
#2650 = VECTOR('',#2651,1.);
#2651 = DIRECTION('',(-1.,0.));
#2652 = ( GEOMETRIC_REPRESENTATION_CONTEXT(2) 
PARAMETRIC_REPRESENTATION_CONTEXT() REPRESENTATION_CONTEXT('2D SPACE',''
  ) );
#2653 = PCURVE('',#2186,#2654);
#2654 = DEFINITIONAL_REPRESENTATION('',(#2655),#2659);
#2655 = LINE('',#2656,#2657);
#2656 = CARTESIAN_POINT('',(0.,43.));
#2657 = VECTOR('',#2658,1.);
#2658 = DIRECTION('',(1.,0.));
#2659 = ( GEOMETRIC_REPRESENTATION_CONTEXT(2) 
PARAMETRIC_REPRESENTATION_CONTEXT() REPRESENTATION_CONTEXT('2D SPACE',''
  ) );
#2660 = ADVANCED_FACE('',(#2661),#1590,.T.);
#2661 = FACE_BOUND('',#2662,.T.);
#2662 = EDGE_LOOP('',(#2663,#2687,#2688,#2689));
#2663 = ORIENTED_EDGE('',*,*,#2664,.F.);
#2664 = EDGE_CURVE('',#934,#2665,#2667,.T.);
#2665 = VERTEX_POINT('',#2666);
#2666 = CARTESIAN_POINT('',(203.,60.,420.));
#2667 = SURFACE_CURVE('',#2668,(#2673,#2680),.PCURVE_S1.);
#2668 = CIRCLE('',#2669,3.);
#2669 = AXIS2_PLACEMENT_3D('',#2670,#2671,#2672);
#2670 = CARTESIAN_POINT('',(203.,57.,420.));
#2671 = DIRECTION('',(-0.,0.,-1.));
#2672 = DIRECTION('',(0.,1.,0.));
#2673 = PCURVE('',#1590,#2674);
#2674 = DEFINITIONAL_REPRESENTATION('',(#2675),#2679);
#2675 = LINE('',#2676,#2677);
#2676 = CARTESIAN_POINT('',(6.28318530718,3.));
#2677 = VECTOR('',#2678,1.);
#2678 = DIRECTION('',(-1.,-0.));
#2679 = ( GEOMETRIC_REPRESENTATION_CONTEXT(2) 
PARAMETRIC_REPRESENTATION_CONTEXT() REPRESENTATION_CONTEXT('2D SPACE',''
  ) );
#2680 = PCURVE('',#2042,#2681);
#2681 = DEFINITIONAL_REPRESENTATION('',(#2682),#2686);
#2682 = LINE('',#2683,#2684);
#2683 = CARTESIAN_POINT('',(-0.,-6.28318530718));
#2684 = VECTOR('',#2685,1.);
#2685 = DIRECTION('',(-0.,1.));
#2686 = ( GEOMETRIC_REPRESENTATION_CONTEXT(2) 
PARAMETRIC_REPRESENTATION_CONTEXT() REPRESENTATION_CONTEXT('2D SPACE',''
  ) );
#2687 = ORIENTED_EDGE('',*,*,#1576,.T.);
#2688 = ORIENTED_EDGE('',*,*,#2615,.T.);
#2689 = ORIENTED_EDGE('',*,*,#2690,.F.);
#2690 = EDGE_CURVE('',#2665,#2616,#2691,.T.);
#2691 = SURFACE_CURVE('',#2692,(#2696,#2703),.PCURVE_S1.);
#2692 = LINE('',#2693,#2694);
#2693 = CARTESIAN_POINT('',(203.,60.,417.));
#2694 = VECTOR('',#2695,1.);
#2695 = DIRECTION('',(0.,0.,1.));
#2696 = PCURVE('',#1590,#2697);
#2697 = DEFINITIONAL_REPRESENTATION('',(#2698),#2702);
#2698 = LINE('',#2699,#2700);
#2699 = CARTESIAN_POINT('',(0.,0.));
#2700 = VECTOR('',#2701,1.);
#2701 = DIRECTION('',(0.,1.));
#2702 = ( GEOMETRIC_REPRESENTATION_CONTEXT(2) 
PARAMETRIC_REPRESENTATION_CONTEXT() REPRESENTATION_CONTEXT('2D SPACE',''
  ) );
#2703 = PCURVE('',#2704,#2709);
#2704 = PLANE('',#2705);
#2705 = AXIS2_PLACEMENT_3D('',#2706,#2707,#2708);
#2706 = CARTESIAN_POINT('',(234.,60.,417.));
#2707 = DIRECTION('',(0.,1.,0.));
#2708 = DIRECTION('',(0.,0.,1.));
#2709 = DEFINITIONAL_REPRESENTATION('',(#2710),#2714);
#2710 = LINE('',#2711,#2712);
#2711 = CARTESIAN_POINT('',(0.,-31.));
#2712 = VECTOR('',#2713,1.);
#2713 = DIRECTION('',(1.,0.));
#2714 = ( GEOMETRIC_REPRESENTATION_CONTEXT(2) 
PARAMETRIC_REPRESENTATION_CONTEXT() REPRESENTATION_CONTEXT('2D SPACE',''
  ) );
#2715 = ADVANCED_FACE('',(#2716),#1693,.F.);
#2716 = FACE_BOUND('',#2717,.F.);
#2717 = EDGE_LOOP('',(#2718,#2719,#2720,#2721));
#2718 = ORIENTED_EDGE('',*,*,#1833,.F.);
#2719 = ORIENTED_EDGE('',*,*,#1677,.T.);
#2720 = ORIENTED_EDGE('',*,*,#1735,.T.);
#2721 = ORIENTED_EDGE('',*,*,#1785,.F.);
#2722 = ADVANCED_FACE('',(#2723),#1903,.T.);
#2723 = FACE_BOUND('',#2724,.T.);
#2724 = EDGE_LOOP('',(#2725,#2726,#2727));
#2725 = ORIENTED_EDGE('',*,*,#2064,.F.);
#2726 = ORIENTED_EDGE('',*,*,#1886,.T.);
#2727 = ORIENTED_EDGE('',*,*,#2728,.F.);
#2728 = EDGE_CURVE('',#2065,#1887,#2729,.T.);
#2729 = SURFACE_CURVE('',#2730,(#2735,#2742),.PCURVE_S1.);
#2730 = CIRCLE('',#2731,3.);
#2731 = AXIS2_PLACEMENT_3D('',#2732,#2733,#2734);
#2732 = CARTESIAN_POINT('',(203.,-57.,420.));
#2733 = DIRECTION('',(1.,0.,0.));
#2734 = DIRECTION('',(0.,-1.,0.));
#2735 = PCURVE('',#1903,#2736);
#2736 = DEFINITIONAL_REPRESENTATION('',(#2737),#2741);
#2737 = LINE('',#2738,#2739);
#2738 = CARTESIAN_POINT('',(0.,0.));
#2739 = VECTOR('',#2740,1.);
#2740 = DIRECTION('',(1.,0.));
#2741 = ( GEOMETRIC_REPRESENTATION_CONTEXT(2) 
PARAMETRIC_REPRESENTATION_CONTEXT() REPRESENTATION_CONTEXT('2D SPACE',''
  ) );
#2742 = PCURVE('',#2743,#2748);
#2743 = CYLINDRICAL_SURFACE('',#2744,3.);
#2744 = AXIS2_PLACEMENT_3D('',#2745,#2746,#2747);
#2745 = CARTESIAN_POINT('',(200.,-57.,420.));
#2746 = DIRECTION('',(1.,0.,0.));
#2747 = DIRECTION('',(0.,-1.,0.));
#2748 = DEFINITIONAL_REPRESENTATION('',(#2749),#2753);
#2749 = LINE('',#2750,#2751);
#2750 = CARTESIAN_POINT('',(0.,3.));
#2751 = VECTOR('',#2752,1.);
#2752 = DIRECTION('',(1.,0.));
#2753 = ( GEOMETRIC_REPRESENTATION_CONTEXT(2) 
PARAMETRIC_REPRESENTATION_CONTEXT() REPRESENTATION_CONTEXT('2D SPACE',''
  ) );
#2754 = ADVANCED_FACE('',(#2755),#1931,.F.);
#2755 = FACE_BOUND('',#2756,.F.);
#2756 = EDGE_LOOP('',(#2757,#2787,#2813,#2814,#2842,#2871,#2899,#2932,
    #2958,#2959));
#2757 = ORIENTED_EDGE('',*,*,#2758,.T.);
#2758 = EDGE_CURVE('',#2759,#2761,#2763,.T.);
#2759 = VERTEX_POINT('',#2760);
#2760 = CARTESIAN_POINT('',(243.,-57.,417.));
#2761 = VERTEX_POINT('',#2762);
#2762 = CARTESIAN_POINT('',(243.,57.,417.));
#2763 = SURFACE_CURVE('',#2764,(#2768,#2775),.PCURVE_S1.);
#2764 = LINE('',#2765,#2766);
#2765 = CARTESIAN_POINT('',(243.,-60.,417.));
#2766 = VECTOR('',#2767,1.);
#2767 = DIRECTION('',(0.,1.,0.));
#2768 = PCURVE('',#1931,#2769);
#2769 = DEFINITIONAL_REPRESENTATION('',(#2770),#2774);
#2770 = LINE('',#2771,#2772);
#2771 = CARTESIAN_POINT('',(9.,0.));
#2772 = VECTOR('',#2773,1.);
#2773 = DIRECTION('',(0.,1.));
#2774 = ( GEOMETRIC_REPRESENTATION_CONTEXT(2) 
PARAMETRIC_REPRESENTATION_CONTEXT() REPRESENTATION_CONTEXT('2D SPACE',''
  ) );
#2775 = PCURVE('',#2776,#2781);
#2776 = CYLINDRICAL_SURFACE('',#2777,3.);
#2777 = AXIS2_PLACEMENT_3D('',#2778,#2779,#2780);
#2778 = CARTESIAN_POINT('',(243.,-60.,420.));
#2779 = DIRECTION('',(0.,1.,0.));
#2780 = DIRECTION('',(1.,0.,-0.));
#2781 = DEFINITIONAL_REPRESENTATION('',(#2782),#2786);
#2782 = LINE('',#2783,#2784);
#2783 = CARTESIAN_POINT('',(1.570796326795,0.));
#2784 = VECTOR('',#2785,1.);
#2785 = DIRECTION('',(0.,1.));
#2786 = ( GEOMETRIC_REPRESENTATION_CONTEXT(2) 
PARAMETRIC_REPRESENTATION_CONTEXT() REPRESENTATION_CONTEXT('2D SPACE',''
  ) );
#2787 = ORIENTED_EDGE('',*,*,#2788,.T.);
#2788 = EDGE_CURVE('',#2761,#1977,#2789,.T.);
#2789 = SURFACE_CURVE('',#2790,(#2794,#2801),.PCURVE_S1.);
#2790 = LINE('',#2791,#2792);
#2791 = CARTESIAN_POINT('',(246.,57.,417.));
#2792 = VECTOR('',#2793,1.);
#2793 = DIRECTION('',(-1.,0.,0.));
#2794 = PCURVE('',#1931,#2795);
#2795 = DEFINITIONAL_REPRESENTATION('',(#2796),#2800);
#2796 = LINE('',#2797,#2798);
#2797 = CARTESIAN_POINT('',(12.,117.));
#2798 = VECTOR('',#2799,1.);
#2799 = DIRECTION('',(-1.,0.));
#2800 = ( GEOMETRIC_REPRESENTATION_CONTEXT(2) 
PARAMETRIC_REPRESENTATION_CONTEXT() REPRESENTATION_CONTEXT('2D SPACE',''
  ) );
#2801 = PCURVE('',#2802,#2807);
#2802 = CYLINDRICAL_SURFACE('',#2803,3.);
#2803 = AXIS2_PLACEMENT_3D('',#2804,#2805,#2806);
#2804 = CARTESIAN_POINT('',(246.,57.,420.));
#2805 = DIRECTION('',(-1.,0.,0.));
#2806 = DIRECTION('',(0.,1.,0.));
#2807 = DEFINITIONAL_REPRESENTATION('',(#2808),#2812);
#2808 = LINE('',#2809,#2810);
#2809 = CARTESIAN_POINT('',(1.570796326795,0.));
#2810 = VECTOR('',#2811,1.);
#2811 = DIRECTION('',(0.,1.));
#2812 = ( GEOMETRIC_REPRESENTATION_CONTEXT(2) 
PARAMETRIC_REPRESENTATION_CONTEXT() REPRESENTATION_CONTEXT('2D SPACE',''
  ) );
#2813 = ORIENTED_EDGE('',*,*,#1974,.F.);
#2814 = ORIENTED_EDGE('',*,*,#2815,.T.);
#2815 = EDGE_CURVE('',#1975,#2816,#2818,.T.);
#2816 = VERTEX_POINT('',#2817);
#2817 = CARTESIAN_POINT('',(231.,51.,417.));
#2818 = SURFACE_CURVE('',#2819,(#2823,#2830),.PCURVE_S1.);
#2819 = LINE('',#2820,#2821);
#2820 = CARTESIAN_POINT('',(200.,51.,417.));
#2821 = VECTOR('',#2822,1.);
#2822 = DIRECTION('',(1.,0.,0.));
#2823 = PCURVE('',#1931,#2824);
#2824 = DEFINITIONAL_REPRESENTATION('',(#2825),#2829);
#2825 = LINE('',#2826,#2827);
#2826 = CARTESIAN_POINT('',(-34.,111.));
#2827 = VECTOR('',#2828,1.);
#2828 = DIRECTION('',(1.,0.));
#2829 = ( GEOMETRIC_REPRESENTATION_CONTEXT(2) 
PARAMETRIC_REPRESENTATION_CONTEXT() REPRESENTATION_CONTEXT('2D SPACE',''
  ) );
#2830 = PCURVE('',#2831,#2836);
#2831 = CYLINDRICAL_SURFACE('',#2832,3.);
#2832 = AXIS2_PLACEMENT_3D('',#2833,#2834,#2835);
#2833 = CARTESIAN_POINT('',(200.,51.,420.));
#2834 = DIRECTION('',(1.,0.,0.));
#2835 = DIRECTION('',(0.,0.,-1.));
#2836 = DEFINITIONAL_REPRESENTATION('',(#2837),#2841);
#2837 = LINE('',#2838,#2839);
#2838 = CARTESIAN_POINT('',(-0.,0.));
#2839 = VECTOR('',#2840,1.);
#2840 = DIRECTION('',(-0.,1.));
#2841 = ( GEOMETRIC_REPRESENTATION_CONTEXT(2) 
PARAMETRIC_REPRESENTATION_CONTEXT() REPRESENTATION_CONTEXT('2D SPACE',''
  ) );
#2842 = ORIENTED_EDGE('',*,*,#2843,.F.);
#2843 = EDGE_CURVE('',#2844,#2816,#2846,.T.);
#2844 = VERTEX_POINT('',#2845);
#2845 = CARTESIAN_POINT('',(237.,45.,417.));
#2846 = SURFACE_CURVE('',#2847,(#2852,#2859),.PCURVE_S1.);
#2847 = CIRCLE('',#2848,6.);
#2848 = AXIS2_PLACEMENT_3D('',#2849,#2850,#2851);
#2849 = CARTESIAN_POINT('',(231.,45.,417.));
#2850 = DIRECTION('',(0.,0.,1.));
#2851 = DIRECTION('',(1.,0.,-0.));
#2852 = PCURVE('',#1931,#2853);
#2853 = DEFINITIONAL_REPRESENTATION('',(#2854),#2858);
#2854 = CIRCLE('',#2855,6.);
#2855 = AXIS2_PLACEMENT_2D('',#2856,#2857);
#2856 = CARTESIAN_POINT('',(-3.,105.));
#2857 = DIRECTION('',(1.,0.));
#2858 = ( GEOMETRIC_REPRESENTATION_CONTEXT(2) 
PARAMETRIC_REPRESENTATION_CONTEXT() REPRESENTATION_CONTEXT('2D SPACE',''
  ) );
#2859 = PCURVE('',#2860,#2865);
#2860 = TOROIDAL_SURFACE('',#2861,6.,3.);
#2861 = AXIS2_PLACEMENT_3D('',#2862,#2863,#2864);
#2862 = CARTESIAN_POINT('',(231.,45.,420.));
#2863 = DIRECTION('',(-0.,-0.,-1.));
#2864 = DIRECTION('',(1.,0.,-0.));
#2865 = DEFINITIONAL_REPRESENTATION('',(#2866),#2870);
#2866 = LINE('',#2867,#2868);
#2867 = CARTESIAN_POINT('',(-0.,1.570796326795));
#2868 = VECTOR('',#2869,1.);
#2869 = DIRECTION('',(-1.,0.));
#2870 = ( GEOMETRIC_REPRESENTATION_CONTEXT(2) 
PARAMETRIC_REPRESENTATION_CONTEXT() REPRESENTATION_CONTEXT('2D SPACE',''
  ) );
#2871 = ORIENTED_EDGE('',*,*,#2872,.F.);
#2872 = EDGE_CURVE('',#2873,#2844,#2875,.T.);
#2873 = VERTEX_POINT('',#2874);
#2874 = CARTESIAN_POINT('',(237.,-45.,417.));
#2875 = SURFACE_CURVE('',#2876,(#2880,#2887),.PCURVE_S1.);
#2876 = LINE('',#2877,#2878);
#2877 = CARTESIAN_POINT('',(237.,-48.,417.));
#2878 = VECTOR('',#2879,1.);
#2879 = DIRECTION('',(0.,1.,0.));
#2880 = PCURVE('',#1931,#2881);
#2881 = DEFINITIONAL_REPRESENTATION('',(#2882),#2886);
#2882 = LINE('',#2883,#2884);
#2883 = CARTESIAN_POINT('',(3.,12.));
#2884 = VECTOR('',#2885,1.);
#2885 = DIRECTION('',(0.,1.));
#2886 = ( GEOMETRIC_REPRESENTATION_CONTEXT(2) 
PARAMETRIC_REPRESENTATION_CONTEXT() REPRESENTATION_CONTEXT('2D SPACE',''
  ) );
#2887 = PCURVE('',#2888,#2893);
#2888 = CYLINDRICAL_SURFACE('',#2889,3.);
#2889 = AXIS2_PLACEMENT_3D('',#2890,#2891,#2892);
#2890 = CARTESIAN_POINT('',(237.,-48.,420.));
#2891 = DIRECTION('',(0.,1.,0.));
#2892 = DIRECTION('',(-1.,0.,0.));
#2893 = DEFINITIONAL_REPRESENTATION('',(#2894),#2898);
#2894 = LINE('',#2895,#2896);
#2895 = CARTESIAN_POINT('',(-1.570796326795,0.));
#2896 = VECTOR('',#2897,1.);
#2897 = DIRECTION('',(-0.,1.));
#2898 = ( GEOMETRIC_REPRESENTATION_CONTEXT(2) 
PARAMETRIC_REPRESENTATION_CONTEXT() REPRESENTATION_CONTEXT('2D SPACE',''
  ) );
#2899 = ORIENTED_EDGE('',*,*,#2900,.T.);
#2900 = EDGE_CURVE('',#2873,#2901,#2903,.T.);
#2901 = VERTEX_POINT('',#2902);
#2902 = CARTESIAN_POINT('',(231.,-51.,417.));
#2903 = SURFACE_CURVE('',#2904,(#2909,#2920),.PCURVE_S1.);
#2904 = CIRCLE('',#2905,6.);
#2905 = AXIS2_PLACEMENT_3D('',#2906,#2907,#2908);
#2906 = CARTESIAN_POINT('',(231.,-45.,417.));
#2907 = DIRECTION('',(0.,-0.,-1.));
#2908 = DIRECTION('',(1.,0.,-0.));
#2909 = PCURVE('',#1931,#2910);
#2910 = DEFINITIONAL_REPRESENTATION('',(#2911),#2919);
#2911 = ( BOUNDED_CURVE() B_SPLINE_CURVE(2,(#2912,#2913,#2914,#2915,
#2916,#2917,#2918),.UNSPECIFIED.,.T.,.F.) B_SPLINE_CURVE_WITH_KNOTS((1,2
    ,2,2,2,1),(-2.094395102393,0.,2.094395102393,4.188790204786,
6.28318530718,8.377580409573),.UNSPECIFIED.) CURVE() 
GEOMETRIC_REPRESENTATION_ITEM() RATIONAL_B_SPLINE_CURVE((1.,0.5,1.,0.5,
1.,0.5,1.)) REPRESENTATION_ITEM('') );
#2912 = CARTESIAN_POINT('',(3.,15.));
#2913 = CARTESIAN_POINT('',(3.,4.607695154587));
#2914 = CARTESIAN_POINT('',(-6.,9.803847577293));
#2915 = CARTESIAN_POINT('',(-15.,15.));
#2916 = CARTESIAN_POINT('',(-6.,20.196152422707));
#2917 = CARTESIAN_POINT('',(3.,25.392304845413));
#2918 = CARTESIAN_POINT('',(3.,15.));
#2919 = ( GEOMETRIC_REPRESENTATION_CONTEXT(2) 
PARAMETRIC_REPRESENTATION_CONTEXT() REPRESENTATION_CONTEXT('2D SPACE',''
  ) );
#2920 = PCURVE('',#2921,#2926);
#2921 = TOROIDAL_SURFACE('',#2922,6.,3.);
#2922 = AXIS2_PLACEMENT_3D('',#2923,#2924,#2925);
#2923 = CARTESIAN_POINT('',(231.,-45.,420.));
#2924 = DIRECTION('',(-0.,-0.,-1.));
#2925 = DIRECTION('',(1.,0.,-0.));
#2926 = DEFINITIONAL_REPRESENTATION('',(#2927),#2931);
#2927 = LINE('',#2928,#2929);
#2928 = CARTESIAN_POINT('',(0.,1.570796326795));
#2929 = VECTOR('',#2930,1.);
#2930 = DIRECTION('',(1.,0.));
#2931 = ( GEOMETRIC_REPRESENTATION_CONTEXT(2) 
PARAMETRIC_REPRESENTATION_CONTEXT() REPRESENTATION_CONTEXT('2D SPACE',''
  ) );
#2932 = ORIENTED_EDGE('',*,*,#2933,.F.);
#2933 = EDGE_CURVE('',#1916,#2901,#2934,.T.);
#2934 = SURFACE_CURVE('',#2935,(#2939,#2946),.PCURVE_S1.);
#2935 = LINE('',#2936,#2937);
#2936 = CARTESIAN_POINT('',(200.,-51.,417.));
#2937 = VECTOR('',#2938,1.);
#2938 = DIRECTION('',(1.,0.,0.));
#2939 = PCURVE('',#1931,#2940);
#2940 = DEFINITIONAL_REPRESENTATION('',(#2941),#2945);
#2941 = LINE('',#2942,#2943);
#2942 = CARTESIAN_POINT('',(-34.,9.));
#2943 = VECTOR('',#2944,1.);
#2944 = DIRECTION('',(1.,0.));
#2945 = ( GEOMETRIC_REPRESENTATION_CONTEXT(2) 
PARAMETRIC_REPRESENTATION_CONTEXT() REPRESENTATION_CONTEXT('2D SPACE',''
  ) );
#2946 = PCURVE('',#2947,#2952);
#2947 = CYLINDRICAL_SURFACE('',#2948,3.);
#2948 = AXIS2_PLACEMENT_3D('',#2949,#2950,#2951);
#2949 = CARTESIAN_POINT('',(200.,-51.,420.));
#2950 = DIRECTION('',(1.,0.,0.));
#2951 = DIRECTION('',(-0.,1.,0.));
#2952 = DEFINITIONAL_REPRESENTATION('',(#2953),#2957);
#2953 = LINE('',#2954,#2955);
#2954 = CARTESIAN_POINT('',(-1.570796326795,0.));
#2955 = VECTOR('',#2956,1.);
#2956 = DIRECTION('',(-0.,1.));
#2957 = ( GEOMETRIC_REPRESENTATION_CONTEXT(2) 
PARAMETRIC_REPRESENTATION_CONTEXT() REPRESENTATION_CONTEXT('2D SPACE',''
  ) );
#2958 = ORIENTED_EDGE('',*,*,#1915,.F.);
#2959 = ORIENTED_EDGE('',*,*,#2960,.T.);
#2960 = EDGE_CURVE('',#1887,#2759,#2961,.T.);
#2961 = SURFACE_CURVE('',#2962,(#2966,#2973),.PCURVE_S1.);
#2962 = LINE('',#2963,#2964);
#2963 = CARTESIAN_POINT('',(200.,-57.,417.));
#2964 = VECTOR('',#2965,1.);
#2965 = DIRECTION('',(1.,0.,0.));
#2966 = PCURVE('',#1931,#2967);
#2967 = DEFINITIONAL_REPRESENTATION('',(#2968),#2972);
#2968 = LINE('',#2969,#2970);
#2969 = CARTESIAN_POINT('',(-34.,3.));
#2970 = VECTOR('',#2971,1.);
#2971 = DIRECTION('',(1.,0.));
#2972 = ( GEOMETRIC_REPRESENTATION_CONTEXT(2) 
PARAMETRIC_REPRESENTATION_CONTEXT() REPRESENTATION_CONTEXT('2D SPACE',''
  ) );
#2973 = PCURVE('',#2743,#2974);
#2974 = DEFINITIONAL_REPRESENTATION('',(#2975),#2979);
#2975 = LINE('',#2976,#2977);
#2976 = CARTESIAN_POINT('',(1.570796326795,0.));
#2977 = VECTOR('',#2978,1.);
#2978 = DIRECTION('',(0.,1.));
#2979 = ( GEOMETRIC_REPRESENTATION_CONTEXT(2) 
PARAMETRIC_REPRESENTATION_CONTEXT() REPRESENTATION_CONTEXT('2D SPACE',''
  ) );
#2980 = ADVANCED_FACE('',(#2981),#1958,.T.);
#2981 = FACE_BOUND('',#2982,.F.);
#2982 = EDGE_LOOP('',(#2983,#2984,#3006));
#2983 = ORIENTED_EDGE('',*,*,#1943,.F.);
#2984 = ORIENTED_EDGE('',*,*,#2985,.T.);
#2985 = EDGE_CURVE('',#1916,#2534,#2986,.T.);
#2986 = SURFACE_CURVE('',#2987,(#2992,#2999),.PCURVE_S1.);
#2987 = CIRCLE('',#2988,3.);
#2988 = AXIS2_PLACEMENT_3D('',#2989,#2990,#2991);
#2989 = CARTESIAN_POINT('',(203.,-51.,420.));
#2990 = DIRECTION('',(1.,6.123233995737E-17,-0.));
#2991 = DIRECTION('',(-6.123233995737E-17,1.,0.));
#2992 = PCURVE('',#1958,#2993);
#2993 = DEFINITIONAL_REPRESENTATION('',(#2994),#2998);
#2994 = LINE('',#2995,#2996);
#2995 = CARTESIAN_POINT('',(-1.570796326795,-6.28318530718));
#2996 = VECTOR('',#2997,1.);
#2997 = DIRECTION('',(-0.,1.));
#2998 = ( GEOMETRIC_REPRESENTATION_CONTEXT(2) 
PARAMETRIC_REPRESENTATION_CONTEXT() REPRESENTATION_CONTEXT('2D SPACE',''
  ) );
#2999 = PCURVE('',#2947,#3000);
#3000 = DEFINITIONAL_REPRESENTATION('',(#3001),#3005);
#3001 = LINE('',#3002,#3003);
#3002 = CARTESIAN_POINT('',(-6.28318530718,3.));
#3003 = VECTOR('',#3004,1.);
#3004 = DIRECTION('',(1.,-0.));
#3005 = ( GEOMETRIC_REPRESENTATION_CONTEXT(2) 
PARAMETRIC_REPRESENTATION_CONTEXT() REPRESENTATION_CONTEXT('2D SPACE',''
  ) );
#3006 = ORIENTED_EDGE('',*,*,#2533,.F.);
#3007 = ADVANCED_FACE('',(#3008),#2014,.T.);
#3008 = FACE_BOUND('',#3009,.T.);
#3009 = EDGE_LOOP('',(#3010,#3032,#3033));
#3010 = ORIENTED_EDGE('',*,*,#3011,.F.);
#3011 = EDGE_CURVE('',#2455,#1975,#3012,.T.);
#3012 = SURFACE_CURVE('',#3013,(#3018,#3025),.PCURVE_S1.);
#3013 = CIRCLE('',#3014,3.);
#3014 = AXIS2_PLACEMENT_3D('',#3015,#3016,#3017);
#3015 = CARTESIAN_POINT('',(203.,51.,420.));
#3016 = DIRECTION('',(1.,-0.,0.));
#3017 = DIRECTION('',(0.,0.,-1.));
#3018 = PCURVE('',#2014,#3019);
#3019 = DEFINITIONAL_REPRESENTATION('',(#3020),#3024);
#3020 = LINE('',#3021,#3022);
#3021 = CARTESIAN_POINT('',(0.,-6.28318530718));
#3022 = VECTOR('',#3023,1.);
#3023 = DIRECTION('',(0.,1.));
#3024 = ( GEOMETRIC_REPRESENTATION_CONTEXT(2) 
PARAMETRIC_REPRESENTATION_CONTEXT() REPRESENTATION_CONTEXT('2D SPACE',''
  ) );
#3025 = PCURVE('',#2831,#3026);
#3026 = DEFINITIONAL_REPRESENTATION('',(#3027),#3031);
#3027 = LINE('',#3028,#3029);
#3028 = CARTESIAN_POINT('',(-6.28318530718,3.));
#3029 = VECTOR('',#3030,1.);
#3030 = DIRECTION('',(1.,-0.));
#3031 = ( GEOMETRIC_REPRESENTATION_CONTEXT(2) 
PARAMETRIC_REPRESENTATION_CONTEXT() REPRESENTATION_CONTEXT('2D SPACE',''
  ) );
#3032 = ORIENTED_EDGE('',*,*,#2454,.T.);
#3033 = ORIENTED_EDGE('',*,*,#1999,.F.);
#3034 = ADVANCED_FACE('',(#3035),#2042,.T.);
#3035 = FACE_BOUND('',#3036,.F.);
#3036 = EDGE_LOOP('',(#3037,#3038,#3039));
#3037 = ORIENTED_EDGE('',*,*,#2664,.F.);
#3038 = ORIENTED_EDGE('',*,*,#2027,.T.);
#3039 = ORIENTED_EDGE('',*,*,#3040,.F.);
#3040 = EDGE_CURVE('',#2665,#1977,#3041,.T.);
#3041 = SURFACE_CURVE('',#3042,(#3047,#3054),.PCURVE_S1.);
#3042 = CIRCLE('',#3043,3.);
#3043 = AXIS2_PLACEMENT_3D('',#3044,#3045,#3046);
#3044 = CARTESIAN_POINT('',(203.,57.,420.));
#3045 = DIRECTION('',(-1.,0.,0.));
#3046 = DIRECTION('',(0.,1.,0.));
#3047 = PCURVE('',#2042,#3048);
#3048 = DEFINITIONAL_REPRESENTATION('',(#3049),#3053);
#3049 = LINE('',#3050,#3051);
#3050 = CARTESIAN_POINT('',(-0.,0.));
#3051 = VECTOR('',#3052,1.);
#3052 = DIRECTION('',(-1.,0.));
#3053 = ( GEOMETRIC_REPRESENTATION_CONTEXT(2) 
PARAMETRIC_REPRESENTATION_CONTEXT() REPRESENTATION_CONTEXT('2D SPACE',''
  ) );
#3054 = PCURVE('',#2802,#3055);
#3055 = DEFINITIONAL_REPRESENTATION('',(#3056),#3060);
#3056 = LINE('',#3057,#3058);
#3057 = CARTESIAN_POINT('',(0.,43.));
#3058 = VECTOR('',#3059,1.);
#3059 = DIRECTION('',(1.,0.));
#3060 = ( GEOMETRIC_REPRESENTATION_CONTEXT(2) 
PARAMETRIC_REPRESENTATION_CONTEXT() REPRESENTATION_CONTEXT('2D SPACE',''
  ) );
#3061 = ADVANCED_FACE('',(#3062),#2127,.F.);
#3062 = FACE_BOUND('',#3063,.F.);
#3063 = EDGE_LOOP('',(#3064,#3087,#3115,#3136));
#3064 = ORIENTED_EDGE('',*,*,#3065,.T.);
#3065 = EDGE_CURVE('',#2090,#3066,#3068,.T.);
#3066 = VERTEX_POINT('',#3067);
#3067 = CARTESIAN_POINT('',(243.,-60.,426.));
#3068 = SURFACE_CURVE('',#3069,(#3073,#3080),.PCURVE_S1.);
#3069 = LINE('',#3070,#3071);
#3070 = CARTESIAN_POINT('',(200.,-60.,426.));
#3071 = VECTOR('',#3072,1.);
#3072 = DIRECTION('',(1.,0.,0.));
#3073 = PCURVE('',#2127,#3074);
#3074 = DEFINITIONAL_REPRESENTATION('',(#3075),#3079);
#3075 = LINE('',#3076,#3077);
#3076 = CARTESIAN_POINT('',(9.,-34.));
#3077 = VECTOR('',#3078,1.);
#3078 = DIRECTION('',(0.,1.));
#3079 = ( GEOMETRIC_REPRESENTATION_CONTEXT(2) 
PARAMETRIC_REPRESENTATION_CONTEXT() REPRESENTATION_CONTEXT('2D SPACE',''
  ) );
#3080 = PCURVE('',#2362,#3081);
#3081 = DEFINITIONAL_REPRESENTATION('',(#3082),#3086);
#3082 = LINE('',#3083,#3084);
#3083 = CARTESIAN_POINT('',(1.570796326795,0.));
#3084 = VECTOR('',#3085,1.);
#3085 = DIRECTION('',(0.,1.));
#3086 = ( GEOMETRIC_REPRESENTATION_CONTEXT(2) 
PARAMETRIC_REPRESENTATION_CONTEXT() REPRESENTATION_CONTEXT('2D SPACE',''
  ) );
#3087 = ORIENTED_EDGE('',*,*,#3088,.F.);
#3088 = EDGE_CURVE('',#3089,#3066,#3091,.T.);
#3089 = VERTEX_POINT('',#3090);
#3090 = CARTESIAN_POINT('',(243.,-60.,420.));
#3091 = SURFACE_CURVE('',#3092,(#3096,#3103),.PCURVE_S1.);
#3092 = LINE('',#3093,#3094);
#3093 = CARTESIAN_POINT('',(243.,-60.,417.));
#3094 = VECTOR('',#3095,1.);
#3095 = DIRECTION('',(0.,0.,1.));
#3096 = PCURVE('',#2127,#3097);
#3097 = DEFINITIONAL_REPRESENTATION('',(#3098),#3102);
#3098 = LINE('',#3099,#3100);
#3099 = CARTESIAN_POINT('',(0.,9.));
#3100 = VECTOR('',#3101,1.);
#3101 = DIRECTION('',(1.,0.));
#3102 = ( GEOMETRIC_REPRESENTATION_CONTEXT(2) 
PARAMETRIC_REPRESENTATION_CONTEXT() REPRESENTATION_CONTEXT('2D SPACE',''
  ) );
#3103 = PCURVE('',#3104,#3109);
#3104 = CYLINDRICAL_SURFACE('',#3105,3.);
#3105 = AXIS2_PLACEMENT_3D('',#3106,#3107,#3108);
#3106 = CARTESIAN_POINT('',(243.,-57.,417.));
#3107 = DIRECTION('',(0.,0.,1.));
#3108 = DIRECTION('',(1.,0.,-0.));
#3109 = DEFINITIONAL_REPRESENTATION('',(#3110),#3114);
#3110 = LINE('',#3111,#3112);
#3111 = CARTESIAN_POINT('',(-1.570796326795,0.));
#3112 = VECTOR('',#3113,1.);
#3113 = DIRECTION('',(-0.,1.));
#3114 = ( GEOMETRIC_REPRESENTATION_CONTEXT(2) 
PARAMETRIC_REPRESENTATION_CONTEXT() REPRESENTATION_CONTEXT('2D SPACE',''
  ) );
#3115 = ORIENTED_EDGE('',*,*,#3116,.F.);
#3116 = EDGE_CURVE('',#2065,#3089,#3117,.T.);
#3117 = SURFACE_CURVE('',#3118,(#3122,#3129),.PCURVE_S1.);
#3118 = LINE('',#3119,#3120);
#3119 = CARTESIAN_POINT('',(200.,-60.,420.));
#3120 = VECTOR('',#3121,1.);
#3121 = DIRECTION('',(1.,0.,0.));
#3122 = PCURVE('',#2127,#3123);
#3123 = DEFINITIONAL_REPRESENTATION('',(#3124),#3128);
#3124 = LINE('',#3125,#3126);
#3125 = CARTESIAN_POINT('',(3.,-34.));
#3126 = VECTOR('',#3127,1.);
#3127 = DIRECTION('',(0.,1.));
#3128 = ( GEOMETRIC_REPRESENTATION_CONTEXT(2) 
PARAMETRIC_REPRESENTATION_CONTEXT() REPRESENTATION_CONTEXT('2D SPACE',''
  ) );
#3129 = PCURVE('',#2743,#3130);
#3130 = DEFINITIONAL_REPRESENTATION('',(#3131),#3135);
#3131 = LINE('',#3132,#3133);
#3132 = CARTESIAN_POINT('',(0.,0.));
#3133 = VECTOR('',#3134,1.);
#3134 = DIRECTION('',(0.,1.));
#3135 = ( GEOMETRIC_REPRESENTATION_CONTEXT(2) 
PARAMETRIC_REPRESENTATION_CONTEXT() REPRESENTATION_CONTEXT('2D SPACE',''
  ) );
#3136 = ORIENTED_EDGE('',*,*,#2113,.T.);
#3137 = ADVANCED_FACE('',(#3138),#2160,.T.);
#3138 = FACE_BOUND('',#3139,.T.);
#3139 = EDGE_LOOP('',(#3140,#3141,#3170,#3198));
#3140 = ORIENTED_EDGE('',*,*,#2142,.F.);
#3141 = ORIENTED_EDGE('',*,*,#3142,.T.);
#3142 = EDGE_CURVE('',#2143,#3143,#3145,.T.);
#3143 = VERTEX_POINT('',#3144);
#3144 = CARTESIAN_POINT('',(246.,-57.,426.));
#3145 = SURFACE_CURVE('',#3146,(#3151,#3158),.PCURVE_S1.);
#3146 = CIRCLE('',#3147,3.);
#3147 = AXIS2_PLACEMENT_3D('',#3148,#3149,#3150);
#3148 = CARTESIAN_POINT('',(243.,-57.,426.));
#3149 = DIRECTION('',(0.,1.,0.));
#3150 = DIRECTION('',(0.,-0.,1.));
#3151 = PCURVE('',#2160,#3152);
#3152 = DEFINITIONAL_REPRESENTATION('',(#3153),#3157);
#3153 = LINE('',#3154,#3155);
#3154 = CARTESIAN_POINT('',(0.,3.));
#3155 = VECTOR('',#3156,1.);
#3156 = DIRECTION('',(1.,0.));
#3157 = ( GEOMETRIC_REPRESENTATION_CONTEXT(2) 
PARAMETRIC_REPRESENTATION_CONTEXT() REPRESENTATION_CONTEXT('2D SPACE',''
  ) );
#3158 = PCURVE('',#3159,#3164);
#3159 = SPHERICAL_SURFACE('',#3160,3.);
#3160 = AXIS2_PLACEMENT_3D('',#3161,#3162,#3163);
#3161 = CARTESIAN_POINT('',(243.,-57.,426.));
#3162 = DIRECTION('',(0.,1.,0.));
#3163 = DIRECTION('',(0.,-0.,1.));
#3164 = DEFINITIONAL_REPRESENTATION('',(#3165),#3169);
#3165 = LINE('',#3166,#3167);
#3166 = CARTESIAN_POINT('',(0.,0.));
#3167 = VECTOR('',#3168,1.);
#3168 = DIRECTION('',(1.,0.));
#3169 = ( GEOMETRIC_REPRESENTATION_CONTEXT(2) 
PARAMETRIC_REPRESENTATION_CONTEXT() REPRESENTATION_CONTEXT('2D SPACE',''
  ) );
#3170 = ORIENTED_EDGE('',*,*,#3171,.T.);
#3171 = EDGE_CURVE('',#3143,#3172,#3174,.T.);
#3172 = VERTEX_POINT('',#3173);
#3173 = CARTESIAN_POINT('',(246.,57.,426.));
#3174 = SURFACE_CURVE('',#3175,(#3179,#3186),.PCURVE_S1.);
#3175 = LINE('',#3176,#3177);
#3176 = CARTESIAN_POINT('',(246.,-60.,426.));
#3177 = VECTOR('',#3178,1.);
#3178 = DIRECTION('',(0.,1.,0.));
#3179 = PCURVE('',#2160,#3180);
#3180 = DEFINITIONAL_REPRESENTATION('',(#3181),#3185);
#3181 = LINE('',#3182,#3183);
#3182 = CARTESIAN_POINT('',(1.570796326795,0.));
#3183 = VECTOR('',#3184,1.);
#3184 = DIRECTION('',(0.,1.));
#3185 = ( GEOMETRIC_REPRESENTATION_CONTEXT(2) 
PARAMETRIC_REPRESENTATION_CONTEXT() REPRESENTATION_CONTEXT('2D SPACE',''
  ) );
#3186 = PCURVE('',#3187,#3192);
#3187 = PLANE('',#3188);
#3188 = AXIS2_PLACEMENT_3D('',#3189,#3190,#3191);
#3189 = CARTESIAN_POINT('',(246.,-60.,417.));
#3190 = DIRECTION('',(1.,0.,0.));
#3191 = DIRECTION('',(0.,0.,1.));
#3192 = DEFINITIONAL_REPRESENTATION('',(#3193),#3197);
#3193 = LINE('',#3194,#3195);
#3194 = CARTESIAN_POINT('',(9.,0.));
#3195 = VECTOR('',#3196,1.);
#3196 = DIRECTION('',(0.,-1.));
#3197 = ( GEOMETRIC_REPRESENTATION_CONTEXT(2) 
PARAMETRIC_REPRESENTATION_CONTEXT() REPRESENTATION_CONTEXT('2D SPACE',''
  ) );
#3198 = ORIENTED_EDGE('',*,*,#3199,.F.);
#3199 = EDGE_CURVE('',#2145,#3172,#3200,.T.);
#3200 = SURFACE_CURVE('',#3201,(#3206,#3213),.PCURVE_S1.);
#3201 = CIRCLE('',#3202,3.);
#3202 = AXIS2_PLACEMENT_3D('',#3203,#3204,#3205);
#3203 = CARTESIAN_POINT('',(243.,57.,426.));
#3204 = DIRECTION('',(0.,1.,0.));
#3205 = DIRECTION('',(0.,-0.,1.));
#3206 = PCURVE('',#2160,#3207);
#3207 = DEFINITIONAL_REPRESENTATION('',(#3208),#3212);
#3208 = LINE('',#3209,#3210);
#3209 = CARTESIAN_POINT('',(0.,117.));
#3210 = VECTOR('',#3211,1.);
#3211 = DIRECTION('',(1.,0.));
#3212 = ( GEOMETRIC_REPRESENTATION_CONTEXT(2) 
PARAMETRIC_REPRESENTATION_CONTEXT() REPRESENTATION_CONTEXT('2D SPACE',''
  ) );
#3213 = PCURVE('',#3214,#3219);
#3214 = SPHERICAL_SURFACE('',#3215,3.);
#3215 = AXIS2_PLACEMENT_3D('',#3216,#3217,#3218);
#3216 = CARTESIAN_POINT('',(243.,57.,426.));
#3217 = DIRECTION('',(-0.,-1.,-0.));
#3218 = DIRECTION('',(0.,0.,1.));
#3219 = DEFINITIONAL_REPRESENTATION('',(#3220),#3224);
#3220 = LINE('',#3221,#3222);
#3221 = CARTESIAN_POINT('',(-0.,0.));
#3222 = VECTOR('',#3223,1.);
#3223 = DIRECTION('',(-1.,0.));
#3224 = ( GEOMETRIC_REPRESENTATION_CONTEXT(2) 
PARAMETRIC_REPRESENTATION_CONTEXT() REPRESENTATION_CONTEXT('2D SPACE',''
  ) );
#3225 = ADVANCED_FACE('',(#3226),#2362,.T.);
#3226 = FACE_BOUND('',#3227,.T.);
#3227 = EDGE_LOOP('',(#3228,#3229,#3230,#3252));
#3228 = ORIENTED_EDGE('',*,*,#2377,.F.);
#3229 = ORIENTED_EDGE('',*,*,#3065,.T.);
#3230 = ORIENTED_EDGE('',*,*,#3231,.T.);
#3231 = EDGE_CURVE('',#3066,#2143,#3232,.T.);
#3232 = SURFACE_CURVE('',#3233,(#3238,#3245),.PCURVE_S1.);
#3233 = CIRCLE('',#3234,3.);
#3234 = AXIS2_PLACEMENT_3D('',#3235,#3236,#3237);
#3235 = CARTESIAN_POINT('',(243.,-57.,426.));
#3236 = DIRECTION('',(-1.,0.,0.));
#3237 = DIRECTION('',(0.,0.,1.));
#3238 = PCURVE('',#2362,#3239);
#3239 = DEFINITIONAL_REPRESENTATION('',(#3240),#3244);
#3240 = LINE('',#3241,#3242);
#3241 = CARTESIAN_POINT('',(6.28318530718,43.));
#3242 = VECTOR('',#3243,1.);
#3243 = DIRECTION('',(-1.,-0.));
#3244 = ( GEOMETRIC_REPRESENTATION_CONTEXT(2) 
PARAMETRIC_REPRESENTATION_CONTEXT() REPRESENTATION_CONTEXT('2D SPACE',''
  ) );
#3245 = PCURVE('',#3159,#3246);
#3246 = DEFINITIONAL_REPRESENTATION('',(#3247),#3251);
#3247 = LINE('',#3248,#3249);
#3248 = CARTESIAN_POINT('',(0.,-6.28318530718));
#3249 = VECTOR('',#3250,1.);
#3250 = DIRECTION('',(0.,1.));
#3251 = ( GEOMETRIC_REPRESENTATION_CONTEXT(2) 
PARAMETRIC_REPRESENTATION_CONTEXT() REPRESENTATION_CONTEXT('2D SPACE',''
  ) );
#3252 = ORIENTED_EDGE('',*,*,#2348,.F.);
#3253 = ADVANCED_FACE('',(#3254),#2186,.T.);
#3254 = FACE_BOUND('',#3255,.T.);
#3255 = EDGE_LOOP('',(#3256,#3280,#3301,#3302));
#3256 = ORIENTED_EDGE('',*,*,#3257,.F.);
#3257 = EDGE_CURVE('',#3258,#2145,#3260,.T.);
#3258 = VERTEX_POINT('',#3259);
#3259 = CARTESIAN_POINT('',(243.,60.,426.));
#3260 = SURFACE_CURVE('',#3261,(#3266,#3273),.PCURVE_S1.);
#3261 = CIRCLE('',#3262,3.);
#3262 = AXIS2_PLACEMENT_3D('',#3263,#3264,#3265);
#3263 = CARTESIAN_POINT('',(243.,57.,426.));
#3264 = DIRECTION('',(1.,0.,-0.));
#3265 = DIRECTION('',(0.,0.,1.));
#3266 = PCURVE('',#2186,#3267);
#3267 = DEFINITIONAL_REPRESENTATION('',(#3268),#3272);
#3268 = LINE('',#3269,#3270);
#3269 = CARTESIAN_POINT('',(6.28318530718,3.));
#3270 = VECTOR('',#3271,1.);
#3271 = DIRECTION('',(-1.,-0.));
#3272 = ( GEOMETRIC_REPRESENTATION_CONTEXT(2) 
PARAMETRIC_REPRESENTATION_CONTEXT() REPRESENTATION_CONTEXT('2D SPACE',''
  ) );
#3273 = PCURVE('',#3214,#3274);
#3274 = DEFINITIONAL_REPRESENTATION('',(#3275),#3279);
#3275 = LINE('',#3276,#3277);
#3276 = CARTESIAN_POINT('',(-0.,-6.28318530718));
#3277 = VECTOR('',#3278,1.);
#3278 = DIRECTION('',(-0.,1.));
#3279 = ( GEOMETRIC_REPRESENTATION_CONTEXT(2) 
PARAMETRIC_REPRESENTATION_CONTEXT() REPRESENTATION_CONTEXT('2D SPACE',''
  ) );
#3280 = ORIENTED_EDGE('',*,*,#3281,.T.);
#3281 = EDGE_CURVE('',#3258,#2616,#3282,.T.);
#3282 = SURFACE_CURVE('',#3283,(#3287,#3294),.PCURVE_S1.);
#3283 = LINE('',#3284,#3285);
#3284 = CARTESIAN_POINT('',(246.,60.,426.));
#3285 = VECTOR('',#3286,1.);
#3286 = DIRECTION('',(-1.,0.,0.));
#3287 = PCURVE('',#2186,#3288);
#3288 = DEFINITIONAL_REPRESENTATION('',(#3289),#3293);
#3289 = LINE('',#3290,#3291);
#3290 = CARTESIAN_POINT('',(1.570796326795,0.));
#3291 = VECTOR('',#3292,1.);
#3292 = DIRECTION('',(0.,1.));
#3293 = ( GEOMETRIC_REPRESENTATION_CONTEXT(2) 
PARAMETRIC_REPRESENTATION_CONTEXT() REPRESENTATION_CONTEXT('2D SPACE',''
  ) );
#3294 = PCURVE('',#2704,#3295);
#3295 = DEFINITIONAL_REPRESENTATION('',(#3296),#3300);
#3296 = LINE('',#3297,#3298);
#3297 = CARTESIAN_POINT('',(9.,12.));
#3298 = VECTOR('',#3299,1.);
#3299 = DIRECTION('',(0.,-1.));
#3300 = ( GEOMETRIC_REPRESENTATION_CONTEXT(2) 
PARAMETRIC_REPRESENTATION_CONTEXT() REPRESENTATION_CONTEXT('2D SPACE',''
  ) );
#3301 = ORIENTED_EDGE('',*,*,#2639,.F.);
#3302 = ORIENTED_EDGE('',*,*,#2172,.F.);
#3303 = ADVANCED_FACE('',(#3304),#2335,.T.);
#3304 = FACE_BOUND('',#3305,.F.);
#3305 = EDGE_LOOP('',(#3306,#3307,#3308,#3331));
#3306 = ORIENTED_EDGE('',*,*,#2321,.F.);
#3307 = ORIENTED_EDGE('',*,*,#2429,.T.);
#3308 = ORIENTED_EDGE('',*,*,#3309,.T.);
#3309 = EDGE_CURVE('',#2406,#3310,#3312,.T.);
#3310 = VERTEX_POINT('',#3311);
#3311 = CARTESIAN_POINT('',(231.,-48.,426.));
#3312 = SURFACE_CURVE('',#3313,(#3317,#3324),.PCURVE_S1.);
#3313 = LINE('',#3314,#3315);
#3314 = CARTESIAN_POINT('',(200.,-48.,426.));
#3315 = VECTOR('',#3316,1.);
#3316 = DIRECTION('',(1.,0.,0.));
#3317 = PCURVE('',#2335,#3318);
#3318 = DEFINITIONAL_REPRESENTATION('',(#3319),#3323);
#3319 = LINE('',#3320,#3321);
#3320 = CARTESIAN_POINT('',(-1.570796326795,0.));
#3321 = VECTOR('',#3322,1.);
#3322 = DIRECTION('',(-0.,1.));
#3323 = ( GEOMETRIC_REPRESENTATION_CONTEXT(2) 
PARAMETRIC_REPRESENTATION_CONTEXT() REPRESENTATION_CONTEXT('2D SPACE',''
  ) );
#3324 = PCURVE('',#2571,#3325);
#3325 = DEFINITIONAL_REPRESENTATION('',(#3326),#3330);
#3326 = LINE('',#3327,#3328);
#3327 = CARTESIAN_POINT('',(9.,0.));
#3328 = VECTOR('',#3329,1.);
#3329 = DIRECTION('',(0.,1.));
#3330 = ( GEOMETRIC_REPRESENTATION_CONTEXT(2) 
PARAMETRIC_REPRESENTATION_CONTEXT() REPRESENTATION_CONTEXT('2D SPACE',''
  ) );
#3331 = ORIENTED_EDGE('',*,*,#3332,.F.);
#3332 = EDGE_CURVE('',#2289,#3310,#3333,.T.);
#3333 = SURFACE_CURVE('',#3334,(#3339,#3346),.PCURVE_S1.);
#3334 = CIRCLE('',#3335,3.);
#3335 = AXIS2_PLACEMENT_3D('',#3336,#3337,#3338);
#3336 = CARTESIAN_POINT('',(231.,-51.,426.));
#3337 = DIRECTION('',(-1.,-6.123233995737E-17,0.));
#3338 = DIRECTION('',(6.123233995737E-17,-1.,-0.));
#3339 = PCURVE('',#2335,#3340);
#3340 = DEFINITIONAL_REPRESENTATION('',(#3341),#3345);
#3341 = LINE('',#3342,#3343);
#3342 = CARTESIAN_POINT('',(1.570796326795,31.));
#3343 = VECTOR('',#3344,1.);
#3344 = DIRECTION('',(-1.,0.));
#3345 = ( GEOMETRIC_REPRESENTATION_CONTEXT(2) 
PARAMETRIC_REPRESENTATION_CONTEXT() REPRESENTATION_CONTEXT('2D SPACE',''
  ) );
#3346 = PCURVE('',#2309,#3347);
#3347 = DEFINITIONAL_REPRESENTATION('',(#3348),#3352);
#3348 = LINE('',#3349,#3350);
#3349 = CARTESIAN_POINT('',(-1.570796326795,0.));
#3350 = VECTOR('',#3351,1.);
#3351 = DIRECTION('',(-0.,1.));
#3352 = ( GEOMETRIC_REPRESENTATION_CONTEXT(2) 
PARAMETRIC_REPRESENTATION_CONTEXT() REPRESENTATION_CONTEXT('2D SPACE',''
  ) );
#3353 = ADVANCED_FACE('',(#3354),#2215,.T.);
#3354 = FACE_BOUND('',#3355,.T.);
#3355 = EDGE_LOOP('',(#3356,#3357,#3380,#3402));
#3356 = ORIENTED_EDGE('',*,*,#2587,.F.);
#3357 = ORIENTED_EDGE('',*,*,#3358,.T.);
#3358 = EDGE_CURVE('',#2480,#3359,#3361,.T.);
#3359 = VERTEX_POINT('',#3360);
#3360 = CARTESIAN_POINT('',(231.,48.,426.));
#3361 = SURFACE_CURVE('',#3362,(#3366,#3373),.PCURVE_S1.);
#3362 = LINE('',#3363,#3364);
#3363 = CARTESIAN_POINT('',(200.,48.,426.));
#3364 = VECTOR('',#3365,1.);
#3365 = DIRECTION('',(1.,0.,0.));
#3366 = PCURVE('',#2215,#3367);
#3367 = DEFINITIONAL_REPRESENTATION('',(#3368),#3372);
#3368 = LINE('',#3369,#3370);
#3369 = CARTESIAN_POINT('',(1.570796326795,0.));
#3370 = VECTOR('',#3371,1.);
#3371 = DIRECTION('',(0.,1.));
#3372 = ( GEOMETRIC_REPRESENTATION_CONTEXT(2) 
PARAMETRIC_REPRESENTATION_CONTEXT() REPRESENTATION_CONTEXT('2D SPACE',''
  ) );
#3373 = PCURVE('',#2517,#3374);
#3374 = DEFINITIONAL_REPRESENTATION('',(#3375),#3379);
#3375 = LINE('',#3376,#3377);
#3376 = CARTESIAN_POINT('',(9.,0.));
#3377 = VECTOR('',#3378,1.);
#3378 = DIRECTION('',(0.,1.));
#3379 = ( GEOMETRIC_REPRESENTATION_CONTEXT(2) 
PARAMETRIC_REPRESENTATION_CONTEXT() REPRESENTATION_CONTEXT('2D SPACE',''
  ) );
#3380 = ORIENTED_EDGE('',*,*,#3381,.F.);
#3381 = EDGE_CURVE('',#2200,#3359,#3382,.T.);
#3382 = SURFACE_CURVE('',#3383,(#3388,#3395),.PCURVE_S1.);
#3383 = CIRCLE('',#3384,3.);
#3384 = AXIS2_PLACEMENT_3D('',#3385,#3386,#3387);
#3385 = CARTESIAN_POINT('',(231.,51.,426.));
#3386 = DIRECTION('',(1.,-0.,0.));
#3387 = DIRECTION('',(0.,1.,0.));
#3388 = PCURVE('',#2215,#3389);
#3389 = DEFINITIONAL_REPRESENTATION('',(#3390),#3394);
#3390 = LINE('',#3391,#3392);
#3391 = CARTESIAN_POINT('',(-1.570796326795,31.));
#3392 = VECTOR('',#3393,1.);
#3393 = DIRECTION('',(1.,0.));
#3394 = ( GEOMETRIC_REPRESENTATION_CONTEXT(2) 
PARAMETRIC_REPRESENTATION_CONTEXT() REPRESENTATION_CONTEXT('2D SPACE',''
  ) );
#3395 = PCURVE('',#2248,#3396);
#3396 = DEFINITIONAL_REPRESENTATION('',(#3397),#3401);
#3397 = LINE('',#3398,#3399);
#3398 = CARTESIAN_POINT('',(-0.,0.));
#3399 = VECTOR('',#3400,1.);
#3400 = DIRECTION('',(-0.,1.));
#3401 = ( GEOMETRIC_REPRESENTATION_CONTEXT(2) 
PARAMETRIC_REPRESENTATION_CONTEXT() REPRESENTATION_CONTEXT('2D SPACE',''
  ) );
#3402 = ORIENTED_EDGE('',*,*,#2199,.F.);
#3403 = ADVANCED_FACE('',(#3404),#2309,.T.);
#3404 = FACE_BOUND('',#3405,.F.);
#3405 = EDGE_LOOP('',(#3406,#3430,#3431,#3432));
#3406 = ORIENTED_EDGE('',*,*,#3407,.F.);
#3407 = EDGE_CURVE('',#2261,#3408,#3410,.T.);
#3408 = VERTEX_POINT('',#3409);
#3409 = CARTESIAN_POINT('',(234.,-45.,426.));
#3410 = SURFACE_CURVE('',#3411,(#3416,#3423),.PCURVE_S1.);
#3411 = CIRCLE('',#3412,3.);
#3412 = AXIS2_PLACEMENT_3D('',#3413,#3414,#3415);
#3413 = CARTESIAN_POINT('',(237.,-45.,426.));
#3414 = DIRECTION('',(0.,-1.,0.));
#3415 = DIRECTION('',(1.,0.,0.));
#3416 = PCURVE('',#2309,#3417);
#3417 = DEFINITIONAL_REPRESENTATION('',(#3418),#3422);
#3418 = LINE('',#3419,#3420);
#3419 = CARTESIAN_POINT('',(-0.,0.));
#3420 = VECTOR('',#3421,1.);
#3421 = DIRECTION('',(-0.,1.));
#3422 = ( GEOMETRIC_REPRESENTATION_CONTEXT(2) 
PARAMETRIC_REPRESENTATION_CONTEXT() REPRESENTATION_CONTEXT('2D SPACE',''
  ) );
#3423 = PCURVE('',#2276,#3424);
#3424 = DEFINITIONAL_REPRESENTATION('',(#3425),#3429);
#3425 = LINE('',#3426,#3427);
#3426 = CARTESIAN_POINT('',(1.570796326795,3.));
#3427 = VECTOR('',#3428,1.);
#3428 = DIRECTION('',(-1.,0.));
#3429 = ( GEOMETRIC_REPRESENTATION_CONTEXT(2) 
PARAMETRIC_REPRESENTATION_CONTEXT() REPRESENTATION_CONTEXT('2D SPACE',''
  ) );
#3430 = ORIENTED_EDGE('',*,*,#2288,.T.);
#3431 = ORIENTED_EDGE('',*,*,#3332,.T.);
#3432 = ORIENTED_EDGE('',*,*,#3433,.F.);
#3433 = EDGE_CURVE('',#3408,#3310,#3434,.T.);
#3434 = SURFACE_CURVE('',#3435,(#3440,#3447),.PCURVE_S1.);
#3435 = CIRCLE('',#3436,3.);
#3436 = AXIS2_PLACEMENT_3D('',#3437,#3438,#3439);
#3437 = CARTESIAN_POINT('',(231.,-45.,426.));
#3438 = DIRECTION('',(0.,-0.,-1.));
#3439 = DIRECTION('',(1.,0.,-0.));
#3440 = PCURVE('',#2309,#3441);
#3441 = DEFINITIONAL_REPRESENTATION('',(#3442),#3446);
#3442 = LINE('',#3443,#3444);
#3443 = CARTESIAN_POINT('',(-0.,3.14159265359));
#3444 = VECTOR('',#3445,1.);
#3445 = DIRECTION('',(-1.,0.));
#3446 = ( GEOMETRIC_REPRESENTATION_CONTEXT(2) 
PARAMETRIC_REPRESENTATION_CONTEXT() REPRESENTATION_CONTEXT('2D SPACE',''
  ) );
#3447 = PCURVE('',#3448,#3453);
#3448 = CYLINDRICAL_SURFACE('',#3449,3.);
#3449 = AXIS2_PLACEMENT_3D('',#3450,#3451,#3452);
#3450 = CARTESIAN_POINT('',(231.,-45.,417.));
#3451 = DIRECTION('',(0.,0.,1.));
#3452 = DIRECTION('',(0.,-1.,0.));
#3453 = DEFINITIONAL_REPRESENTATION('',(#3454),#3458);
#3454 = LINE('',#3455,#3456);
#3455 = CARTESIAN_POINT('',(1.570796326795,9.));
#3456 = VECTOR('',#3457,1.);
#3457 = DIRECTION('',(-1.,-0.));
#3458 = ( GEOMETRIC_REPRESENTATION_CONTEXT(2) 
PARAMETRIC_REPRESENTATION_CONTEXT() REPRESENTATION_CONTEXT('2D SPACE',''
  ) );
#3459 = ADVANCED_FACE('',(#3460),#2248,.T.);
#3460 = FACE_BOUND('',#3461,.F.);
#3461 = EDGE_LOOP('',(#3462,#3463,#3464,#3488));
#3462 = ORIENTED_EDGE('',*,*,#3381,.F.);
#3463 = ORIENTED_EDGE('',*,*,#2227,.T.);
#3464 = ORIENTED_EDGE('',*,*,#3465,.T.);
#3465 = EDGE_CURVE('',#2228,#3466,#3468,.T.);
#3466 = VERTEX_POINT('',#3467);
#3467 = CARTESIAN_POINT('',(234.,45.,426.));
#3468 = SURFACE_CURVE('',#3469,(#3474,#3481),.PCURVE_S1.);
#3469 = CIRCLE('',#3470,3.);
#3470 = AXIS2_PLACEMENT_3D('',#3471,#3472,#3473);
#3471 = CARTESIAN_POINT('',(237.,45.,426.));
#3472 = DIRECTION('',(6.123233995737E-17,-1.,0.));
#3473 = DIRECTION('',(1.,6.123233995737E-17,0.));
#3474 = PCURVE('',#2248,#3475);
#3475 = DEFINITIONAL_REPRESENTATION('',(#3476),#3480);
#3476 = LINE('',#3477,#3478);
#3477 = CARTESIAN_POINT('',(-1.570796326795,0.));
#3478 = VECTOR('',#3479,1.);
#3479 = DIRECTION('',(-0.,1.));
#3480 = ( GEOMETRIC_REPRESENTATION_CONTEXT(2) 
PARAMETRIC_REPRESENTATION_CONTEXT() REPRESENTATION_CONTEXT('2D SPACE',''
  ) );
#3481 = PCURVE('',#2276,#3482);
#3482 = DEFINITIONAL_REPRESENTATION('',(#3483),#3487);
#3483 = LINE('',#3484,#3485);
#3484 = CARTESIAN_POINT('',(1.570796326795,93.));
#3485 = VECTOR('',#3486,1.);
#3486 = DIRECTION('',(-1.,0.));
#3487 = ( GEOMETRIC_REPRESENTATION_CONTEXT(2) 
PARAMETRIC_REPRESENTATION_CONTEXT() REPRESENTATION_CONTEXT('2D SPACE',''
  ) );
#3488 = ORIENTED_EDGE('',*,*,#3489,.F.);
#3489 = EDGE_CURVE('',#3359,#3466,#3490,.T.);
#3490 = SURFACE_CURVE('',#3491,(#3496,#3503),.PCURVE_S1.);
#3491 = CIRCLE('',#3492,3.);
#3492 = AXIS2_PLACEMENT_3D('',#3493,#3494,#3495);
#3493 = CARTESIAN_POINT('',(231.,45.,426.));
#3494 = DIRECTION('',(0.,-0.,-1.));
#3495 = DIRECTION('',(0.,1.,-0.));
#3496 = PCURVE('',#2248,#3497);
#3497 = DEFINITIONAL_REPRESENTATION('',(#3498),#3502);
#3498 = LINE('',#3499,#3500);
#3499 = CARTESIAN_POINT('',(-0.,3.14159265359));
#3500 = VECTOR('',#3501,1.);
#3501 = DIRECTION('',(-1.,0.));
#3502 = ( GEOMETRIC_REPRESENTATION_CONTEXT(2) 
PARAMETRIC_REPRESENTATION_CONTEXT() REPRESENTATION_CONTEXT('2D SPACE',''
  ) );
#3503 = PCURVE('',#3504,#3509);
#3504 = CYLINDRICAL_SURFACE('',#3505,3.);
#3505 = AXIS2_PLACEMENT_3D('',#3506,#3507,#3508);
#3506 = CARTESIAN_POINT('',(231.,45.,417.));
#3507 = DIRECTION('',(0.,0.,1.));
#3508 = DIRECTION('',(1.,0.,-0.));
#3509 = DEFINITIONAL_REPRESENTATION('',(#3510),#3514);
#3510 = LINE('',#3511,#3512);
#3511 = CARTESIAN_POINT('',(1.570796326795,9.));
#3512 = VECTOR('',#3513,1.);
#3513 = DIRECTION('',(-1.,-0.));
#3514 = ( GEOMETRIC_REPRESENTATION_CONTEXT(2) 
PARAMETRIC_REPRESENTATION_CONTEXT() REPRESENTATION_CONTEXT('2D SPACE',''
  ) );
#3515 = ADVANCED_FACE('',(#3516),#2276,.T.);
#3516 = FACE_BOUND('',#3517,.F.);
#3517 = EDGE_LOOP('',(#3518,#3519,#3545,#3546));
#3518 = ORIENTED_EDGE('',*,*,#3407,.T.);
#3519 = ORIENTED_EDGE('',*,*,#3520,.T.);
#3520 = EDGE_CURVE('',#3408,#3466,#3521,.T.);
#3521 = SURFACE_CURVE('',#3522,(#3526,#3533),.PCURVE_S1.);
#3522 = LINE('',#3523,#3524);
#3523 = CARTESIAN_POINT('',(234.,-48.,426.));
#3524 = VECTOR('',#3525,1.);
#3525 = DIRECTION('',(0.,1.,0.));
#3526 = PCURVE('',#2276,#3527);
#3527 = DEFINITIONAL_REPRESENTATION('',(#3528),#3532);
#3528 = LINE('',#3529,#3530);
#3529 = CARTESIAN_POINT('',(-1.570796326795,0.));
#3530 = VECTOR('',#3531,1.);
#3531 = DIRECTION('',(-0.,1.));
#3532 = ( GEOMETRIC_REPRESENTATION_CONTEXT(2) 
PARAMETRIC_REPRESENTATION_CONTEXT() REPRESENTATION_CONTEXT('2D SPACE',''
  ) );
#3533 = PCURVE('',#3534,#3539);
#3534 = PLANE('',#3535);
#3535 = AXIS2_PLACEMENT_3D('',#3536,#3537,#3538);
#3536 = CARTESIAN_POINT('',(234.,-60.,417.));
#3537 = DIRECTION('',(1.,0.,0.));
#3538 = DIRECTION('',(0.,0.,1.));
#3539 = DEFINITIONAL_REPRESENTATION('',(#3540),#3544);
#3540 = LINE('',#3541,#3542);
#3541 = CARTESIAN_POINT('',(9.,-12.));
#3542 = VECTOR('',#3543,1.);
#3543 = DIRECTION('',(0.,-1.));
#3544 = ( GEOMETRIC_REPRESENTATION_CONTEXT(2) 
PARAMETRIC_REPRESENTATION_CONTEXT() REPRESENTATION_CONTEXT('2D SPACE',''
  ) );
#3545 = ORIENTED_EDGE('',*,*,#3465,.F.);
#3546 = ORIENTED_EDGE('',*,*,#2260,.F.);
#3547 = ADVANCED_FACE('',(#3548),#2517,.F.);
#3548 = FACE_BOUND('',#3549,.F.);
#3549 = EDGE_LOOP('',(#3550,#3551,#3574,#3595));
#3550 = ORIENTED_EDGE('',*,*,#3358,.T.);
#3551 = ORIENTED_EDGE('',*,*,#3552,.F.);
#3552 = EDGE_CURVE('',#3553,#3359,#3555,.T.);
#3553 = VERTEX_POINT('',#3554);
#3554 = CARTESIAN_POINT('',(231.,48.,420.));
#3555 = SURFACE_CURVE('',#3556,(#3560,#3567),.PCURVE_S1.);
#3556 = LINE('',#3557,#3558);
#3557 = CARTESIAN_POINT('',(231.,48.,417.));
#3558 = VECTOR('',#3559,1.);
#3559 = DIRECTION('',(0.,0.,1.));
#3560 = PCURVE('',#2517,#3561);
#3561 = DEFINITIONAL_REPRESENTATION('',(#3562),#3566);
#3562 = LINE('',#3563,#3564);
#3563 = CARTESIAN_POINT('',(0.,31.));
#3564 = VECTOR('',#3565,1.);
#3565 = DIRECTION('',(1.,0.));
#3566 = ( GEOMETRIC_REPRESENTATION_CONTEXT(2) 
PARAMETRIC_REPRESENTATION_CONTEXT() REPRESENTATION_CONTEXT('2D SPACE',''
  ) );
#3567 = PCURVE('',#3504,#3568);
#3568 = DEFINITIONAL_REPRESENTATION('',(#3569),#3573);
#3569 = LINE('',#3570,#3571);
#3570 = CARTESIAN_POINT('',(1.570796326795,0.));
#3571 = VECTOR('',#3572,1.);
#3572 = DIRECTION('',(0.,1.));
#3573 = ( GEOMETRIC_REPRESENTATION_CONTEXT(2) 
PARAMETRIC_REPRESENTATION_CONTEXT() REPRESENTATION_CONTEXT('2D SPACE',''
  ) );
#3574 = ORIENTED_EDGE('',*,*,#3575,.F.);
#3575 = EDGE_CURVE('',#2455,#3553,#3576,.T.);
#3576 = SURFACE_CURVE('',#3577,(#3581,#3588),.PCURVE_S1.);
#3577 = LINE('',#3578,#3579);
#3578 = CARTESIAN_POINT('',(200.,48.,420.));
#3579 = VECTOR('',#3580,1.);
#3580 = DIRECTION('',(1.,0.,0.));
#3581 = PCURVE('',#2517,#3582);
#3582 = DEFINITIONAL_REPRESENTATION('',(#3583),#3587);
#3583 = LINE('',#3584,#3585);
#3584 = CARTESIAN_POINT('',(3.,0.));
#3585 = VECTOR('',#3586,1.);
#3586 = DIRECTION('',(0.,1.));
#3587 = ( GEOMETRIC_REPRESENTATION_CONTEXT(2) 
PARAMETRIC_REPRESENTATION_CONTEXT() REPRESENTATION_CONTEXT('2D SPACE',''
  ) );
#3588 = PCURVE('',#2831,#3589);
#3589 = DEFINITIONAL_REPRESENTATION('',(#3590),#3594);
#3590 = LINE('',#3591,#3592);
#3591 = CARTESIAN_POINT('',(-1.570796326795,0.));
#3592 = VECTOR('',#3593,1.);
#3593 = DIRECTION('',(-0.,1.));
#3594 = ( GEOMETRIC_REPRESENTATION_CONTEXT(2) 
PARAMETRIC_REPRESENTATION_CONTEXT() REPRESENTATION_CONTEXT('2D SPACE',''
  ) );
#3595 = ORIENTED_EDGE('',*,*,#2503,.T.);
#3596 = ADVANCED_FACE('',(#3597),#2571,.T.);
#3597 = FACE_BOUND('',#3598,.T.);
#3598 = EDGE_LOOP('',(#3599,#3600,#3623,#3644));
#3599 = ORIENTED_EDGE('',*,*,#3309,.T.);
#3600 = ORIENTED_EDGE('',*,*,#3601,.F.);
#3601 = EDGE_CURVE('',#3602,#3310,#3604,.T.);
#3602 = VERTEX_POINT('',#3603);
#3603 = CARTESIAN_POINT('',(231.,-48.,420.));
#3604 = SURFACE_CURVE('',#3605,(#3609,#3616),.PCURVE_S1.);
#3605 = LINE('',#3606,#3607);
#3606 = CARTESIAN_POINT('',(231.,-48.,417.));
#3607 = VECTOR('',#3608,1.);
#3608 = DIRECTION('',(0.,0.,1.));
#3609 = PCURVE('',#2571,#3610);
#3610 = DEFINITIONAL_REPRESENTATION('',(#3611),#3615);
#3611 = LINE('',#3612,#3613);
#3612 = CARTESIAN_POINT('',(0.,31.));
#3613 = VECTOR('',#3614,1.);
#3614 = DIRECTION('',(1.,0.));
#3615 = ( GEOMETRIC_REPRESENTATION_CONTEXT(2) 
PARAMETRIC_REPRESENTATION_CONTEXT() REPRESENTATION_CONTEXT('2D SPACE',''
  ) );
#3616 = PCURVE('',#3448,#3617);
#3617 = DEFINITIONAL_REPRESENTATION('',(#3618),#3622);
#3618 = LINE('',#3619,#3620);
#3619 = CARTESIAN_POINT('',(0.,0.));
#3620 = VECTOR('',#3621,1.);
#3621 = DIRECTION('',(0.,1.));
#3622 = ( GEOMETRIC_REPRESENTATION_CONTEXT(2) 
PARAMETRIC_REPRESENTATION_CONTEXT() REPRESENTATION_CONTEXT('2D SPACE',''
  ) );
#3623 = ORIENTED_EDGE('',*,*,#3624,.F.);
#3624 = EDGE_CURVE('',#2534,#3602,#3625,.T.);
#3625 = SURFACE_CURVE('',#3626,(#3630,#3637),.PCURVE_S1.);
#3626 = LINE('',#3627,#3628);
#3627 = CARTESIAN_POINT('',(200.,-48.,420.));
#3628 = VECTOR('',#3629,1.);
#3629 = DIRECTION('',(1.,0.,0.));
#3630 = PCURVE('',#2571,#3631);
#3631 = DEFINITIONAL_REPRESENTATION('',(#3632),#3636);
#3632 = LINE('',#3633,#3634);
#3633 = CARTESIAN_POINT('',(3.,0.));
#3634 = VECTOR('',#3635,1.);
#3635 = DIRECTION('',(0.,1.));
#3636 = ( GEOMETRIC_REPRESENTATION_CONTEXT(2) 
PARAMETRIC_REPRESENTATION_CONTEXT() REPRESENTATION_CONTEXT('2D SPACE',''
  ) );
#3637 = PCURVE('',#2947,#3638);
#3638 = DEFINITIONAL_REPRESENTATION('',(#3639),#3643);
#3639 = LINE('',#3640,#3641);
#3640 = CARTESIAN_POINT('',(-0.,0.));
#3641 = VECTOR('',#3642,1.);
#3642 = DIRECTION('',(-0.,1.));
#3643 = ( GEOMETRIC_REPRESENTATION_CONTEXT(2) 
PARAMETRIC_REPRESENTATION_CONTEXT() REPRESENTATION_CONTEXT('2D SPACE',''
  ) );
#3644 = ORIENTED_EDGE('',*,*,#2557,.T.);
#3645 = ADVANCED_FACE('',(#3646),#2704,.T.);
#3646 = FACE_BOUND('',#3647,.T.);
#3647 = EDGE_LOOP('',(#3648,#3649,#3677,#3698));
#3648 = ORIENTED_EDGE('',*,*,#3281,.F.);
#3649 = ORIENTED_EDGE('',*,*,#3650,.F.);
#3650 = EDGE_CURVE('',#3651,#3258,#3653,.T.);
#3651 = VERTEX_POINT('',#3652);
#3652 = CARTESIAN_POINT('',(243.,60.,420.));
#3653 = SURFACE_CURVE('',#3654,(#3658,#3665),.PCURVE_S1.);
#3654 = LINE('',#3655,#3656);
#3655 = CARTESIAN_POINT('',(243.,60.,417.));
#3656 = VECTOR('',#3657,1.);
#3657 = DIRECTION('',(0.,0.,1.));
#3658 = PCURVE('',#2704,#3659);
#3659 = DEFINITIONAL_REPRESENTATION('',(#3660),#3664);
#3660 = LINE('',#3661,#3662);
#3661 = CARTESIAN_POINT('',(0.,9.));
#3662 = VECTOR('',#3663,1.);
#3663 = DIRECTION('',(1.,0.));
#3664 = ( GEOMETRIC_REPRESENTATION_CONTEXT(2) 
PARAMETRIC_REPRESENTATION_CONTEXT() REPRESENTATION_CONTEXT('2D SPACE',''
  ) );
#3665 = PCURVE('',#3666,#3671);
#3666 = CYLINDRICAL_SURFACE('',#3667,3.);
#3667 = AXIS2_PLACEMENT_3D('',#3668,#3669,#3670);
#3668 = CARTESIAN_POINT('',(243.,57.,417.));
#3669 = DIRECTION('',(0.,0.,1.));
#3670 = DIRECTION('',(1.,0.,-0.));
#3671 = DEFINITIONAL_REPRESENTATION('',(#3672),#3676);
#3672 = LINE('',#3673,#3674);
#3673 = CARTESIAN_POINT('',(1.570796326795,0.));
#3674 = VECTOR('',#3675,1.);
#3675 = DIRECTION('',(0.,1.));
#3676 = ( GEOMETRIC_REPRESENTATION_CONTEXT(2) 
PARAMETRIC_REPRESENTATION_CONTEXT() REPRESENTATION_CONTEXT('2D SPACE',''
  ) );
#3677 = ORIENTED_EDGE('',*,*,#3678,.T.);
#3678 = EDGE_CURVE('',#3651,#2665,#3679,.T.);
#3679 = SURFACE_CURVE('',#3680,(#3684,#3691),.PCURVE_S1.);
#3680 = LINE('',#3681,#3682);
#3681 = CARTESIAN_POINT('',(246.,60.,420.));
#3682 = VECTOR('',#3683,1.);
#3683 = DIRECTION('',(-1.,0.,0.));
#3684 = PCURVE('',#2704,#3685);
#3685 = DEFINITIONAL_REPRESENTATION('',(#3686),#3690);
#3686 = LINE('',#3687,#3688);
#3687 = CARTESIAN_POINT('',(3.,12.));
#3688 = VECTOR('',#3689,1.);
#3689 = DIRECTION('',(0.,-1.));
#3690 = ( GEOMETRIC_REPRESENTATION_CONTEXT(2) 
PARAMETRIC_REPRESENTATION_CONTEXT() REPRESENTATION_CONTEXT('2D SPACE',''
  ) );
#3691 = PCURVE('',#2802,#3692);
#3692 = DEFINITIONAL_REPRESENTATION('',(#3693),#3697);
#3693 = LINE('',#3694,#3695);
#3694 = CARTESIAN_POINT('',(0.,0.));
#3695 = VECTOR('',#3696,1.);
#3696 = DIRECTION('',(0.,1.));
#3697 = ( GEOMETRIC_REPRESENTATION_CONTEXT(2) 
PARAMETRIC_REPRESENTATION_CONTEXT() REPRESENTATION_CONTEXT('2D SPACE',''
  ) );
#3698 = ORIENTED_EDGE('',*,*,#2690,.T.);
#3699 = ADVANCED_FACE('',(#3700),#2743,.T.);
#3700 = FACE_BOUND('',#3701,.T.);
#3701 = EDGE_LOOP('',(#3702,#3703,#3704,#3705));
#3702 = ORIENTED_EDGE('',*,*,#3116,.F.);
#3703 = ORIENTED_EDGE('',*,*,#2728,.T.);
#3704 = ORIENTED_EDGE('',*,*,#2960,.T.);
#3705 = ORIENTED_EDGE('',*,*,#3706,.T.);
#3706 = EDGE_CURVE('',#2759,#3089,#3707,.T.);
#3707 = SURFACE_CURVE('',#3708,(#3713,#3720),.PCURVE_S1.);
#3708 = CIRCLE('',#3709,3.);
#3709 = AXIS2_PLACEMENT_3D('',#3710,#3711,#3712);
#3710 = CARTESIAN_POINT('',(243.,-57.,420.));
#3711 = DIRECTION('',(-1.,-6.123233995737E-17,0.));
#3712 = DIRECTION('',(6.123233995737E-17,-1.,-0.));
#3713 = PCURVE('',#2743,#3714);
#3714 = DEFINITIONAL_REPRESENTATION('',(#3715),#3719);
#3715 = LINE('',#3716,#3717);
#3716 = CARTESIAN_POINT('',(6.28318530718,43.));
#3717 = VECTOR('',#3718,1.);
#3718 = DIRECTION('',(-1.,-0.));
#3719 = ( GEOMETRIC_REPRESENTATION_CONTEXT(2) 
PARAMETRIC_REPRESENTATION_CONTEXT() REPRESENTATION_CONTEXT('2D SPACE',''
  ) );
#3720 = PCURVE('',#3721,#3726);
#3721 = SPHERICAL_SURFACE('',#3722,3.);
#3722 = AXIS2_PLACEMENT_3D('',#3723,#3724,#3725);
#3723 = CARTESIAN_POINT('',(243.,-57.,420.));
#3724 = DIRECTION('',(0.,0.,1.));
#3725 = DIRECTION('',(1.,0.,-0.));
#3726 = DEFINITIONAL_REPRESENTATION('',(#3727),#3731);
#3727 = LINE('',#3728,#3729);
#3728 = CARTESIAN_POINT('',(-1.570796326795,-6.28318530718));
#3729 = VECTOR('',#3730,1.);
#3730 = DIRECTION('',(-0.,1.));
#3731 = ( GEOMETRIC_REPRESENTATION_CONTEXT(2) 
PARAMETRIC_REPRESENTATION_CONTEXT() REPRESENTATION_CONTEXT('2D SPACE',''
  ) );
#3732 = ADVANCED_FACE('',(#3733),#2776,.T.);
#3733 = FACE_BOUND('',#3734,.T.);
#3734 = EDGE_LOOP('',(#3735,#3759,#3760,#3789));
#3735 = ORIENTED_EDGE('',*,*,#3736,.F.);
#3736 = EDGE_CURVE('',#2759,#3737,#3739,.T.);
#3737 = VERTEX_POINT('',#3738);
#3738 = CARTESIAN_POINT('',(246.,-57.,420.));
#3739 = SURFACE_CURVE('',#3740,(#3745,#3752),.PCURVE_S1.);
#3740 = CIRCLE('',#3741,3.);
#3741 = AXIS2_PLACEMENT_3D('',#3742,#3743,#3744);
#3742 = CARTESIAN_POINT('',(243.,-57.,420.));
#3743 = DIRECTION('',(0.,-1.,0.));
#3744 = DIRECTION('',(1.,0.,0.));
#3745 = PCURVE('',#2776,#3746);
#3746 = DEFINITIONAL_REPRESENTATION('',(#3747),#3751);
#3747 = LINE('',#3748,#3749);
#3748 = CARTESIAN_POINT('',(6.28318530718,3.));
#3749 = VECTOR('',#3750,1.);
#3750 = DIRECTION('',(-1.,-0.));
#3751 = ( GEOMETRIC_REPRESENTATION_CONTEXT(2) 
PARAMETRIC_REPRESENTATION_CONTEXT() REPRESENTATION_CONTEXT('2D SPACE',''
  ) );
#3752 = PCURVE('',#3721,#3753);
#3753 = DEFINITIONAL_REPRESENTATION('',(#3754),#3758);
#3754 = LINE('',#3755,#3756);
#3755 = CARTESIAN_POINT('',(-0.,-6.28318530718));
#3756 = VECTOR('',#3757,1.);
#3757 = DIRECTION('',(-0.,1.));
#3758 = ( GEOMETRIC_REPRESENTATION_CONTEXT(2) 
PARAMETRIC_REPRESENTATION_CONTEXT() REPRESENTATION_CONTEXT('2D SPACE',''
  ) );
#3759 = ORIENTED_EDGE('',*,*,#2758,.T.);
#3760 = ORIENTED_EDGE('',*,*,#3761,.T.);
#3761 = EDGE_CURVE('',#2761,#3762,#3764,.T.);
#3762 = VERTEX_POINT('',#3763);
#3763 = CARTESIAN_POINT('',(246.,57.,420.));
#3764 = SURFACE_CURVE('',#3765,(#3770,#3777),.PCURVE_S1.);
#3765 = CIRCLE('',#3766,3.);
#3766 = AXIS2_PLACEMENT_3D('',#3767,#3768,#3769);
#3767 = CARTESIAN_POINT('',(243.,57.,420.));
#3768 = DIRECTION('',(0.,-1.,0.));
#3769 = DIRECTION('',(1.,0.,0.));
#3770 = PCURVE('',#2776,#3771);
#3771 = DEFINITIONAL_REPRESENTATION('',(#3772),#3776);
#3772 = LINE('',#3773,#3774);
#3773 = CARTESIAN_POINT('',(6.28318530718,117.));
#3774 = VECTOR('',#3775,1.);
#3775 = DIRECTION('',(-1.,-0.));
#3776 = ( GEOMETRIC_REPRESENTATION_CONTEXT(2) 
PARAMETRIC_REPRESENTATION_CONTEXT() REPRESENTATION_CONTEXT('2D SPACE',''
  ) );
#3777 = PCURVE('',#3778,#3783);
#3778 = SPHERICAL_SURFACE('',#3779,3.);
#3779 = AXIS2_PLACEMENT_3D('',#3780,#3781,#3782);
#3780 = CARTESIAN_POINT('',(243.,57.,420.));
#3781 = DIRECTION('',(0.,0.,1.));
#3782 = DIRECTION('',(1.,0.,-0.));
#3783 = DEFINITIONAL_REPRESENTATION('',(#3784),#3788);
#3784 = LINE('',#3785,#3786);
#3785 = CARTESIAN_POINT('',(0.,-6.28318530718));
#3786 = VECTOR('',#3787,1.);
#3787 = DIRECTION('',(0.,1.));
#3788 = ( GEOMETRIC_REPRESENTATION_CONTEXT(2) 
PARAMETRIC_REPRESENTATION_CONTEXT() REPRESENTATION_CONTEXT('2D SPACE',''
  ) );
#3789 = ORIENTED_EDGE('',*,*,#3790,.F.);
#3790 = EDGE_CURVE('',#3737,#3762,#3791,.T.);
#3791 = SURFACE_CURVE('',#3792,(#3796,#3803),.PCURVE_S1.);
#3792 = LINE('',#3793,#3794);
#3793 = CARTESIAN_POINT('',(246.,-60.,420.));
#3794 = VECTOR('',#3795,1.);
#3795 = DIRECTION('',(0.,1.,0.));
#3796 = PCURVE('',#2776,#3797);
#3797 = DEFINITIONAL_REPRESENTATION('',(#3798),#3802);
#3798 = LINE('',#3799,#3800);
#3799 = CARTESIAN_POINT('',(0.,0.));
#3800 = VECTOR('',#3801,1.);
#3801 = DIRECTION('',(0.,1.));
#3802 = ( GEOMETRIC_REPRESENTATION_CONTEXT(2) 
PARAMETRIC_REPRESENTATION_CONTEXT() REPRESENTATION_CONTEXT('2D SPACE',''
  ) );
#3803 = PCURVE('',#3187,#3804);
#3804 = DEFINITIONAL_REPRESENTATION('',(#3805),#3809);
#3805 = LINE('',#3806,#3807);
#3806 = CARTESIAN_POINT('',(3.,0.));
#3807 = VECTOR('',#3808,1.);
#3808 = DIRECTION('',(0.,-1.));
#3809 = ( GEOMETRIC_REPRESENTATION_CONTEXT(2) 
PARAMETRIC_REPRESENTATION_CONTEXT() REPRESENTATION_CONTEXT('2D SPACE',''
  ) );
#3810 = ADVANCED_FACE('',(#3811),#2802,.T.);
#3811 = FACE_BOUND('',#3812,.T.);
#3812 = EDGE_LOOP('',(#3813,#3835,#3836,#3837));
#3813 = ORIENTED_EDGE('',*,*,#3814,.F.);
#3814 = EDGE_CURVE('',#2761,#3651,#3815,.T.);
#3815 = SURFACE_CURVE('',#3816,(#3821,#3828),.PCURVE_S1.);
#3816 = CIRCLE('',#3817,3.);
#3817 = AXIS2_PLACEMENT_3D('',#3818,#3819,#3820);
#3818 = CARTESIAN_POINT('',(243.,57.,420.));
#3819 = DIRECTION('',(1.,-6.123233995737E-17,0.));
#3820 = DIRECTION('',(6.123233995737E-17,1.,0.));
#3821 = PCURVE('',#2802,#3822);
#3822 = DEFINITIONAL_REPRESENTATION('',(#3823),#3827);
#3823 = LINE('',#3824,#3825);
#3824 = CARTESIAN_POINT('',(6.28318530718,3.));
#3825 = VECTOR('',#3826,1.);
#3826 = DIRECTION('',(-1.,-0.));
#3827 = ( GEOMETRIC_REPRESENTATION_CONTEXT(2) 
PARAMETRIC_REPRESENTATION_CONTEXT() REPRESENTATION_CONTEXT('2D SPACE',''
  ) );
#3828 = PCURVE('',#3778,#3829);
#3829 = DEFINITIONAL_REPRESENTATION('',(#3830),#3834);
#3830 = LINE('',#3831,#3832);
#3831 = CARTESIAN_POINT('',(1.570796326795,-6.28318530718));
#3832 = VECTOR('',#3833,1.);
#3833 = DIRECTION('',(0.,1.));
#3834 = ( GEOMETRIC_REPRESENTATION_CONTEXT(2) 
PARAMETRIC_REPRESENTATION_CONTEXT() REPRESENTATION_CONTEXT('2D SPACE',''
  ) );
#3835 = ORIENTED_EDGE('',*,*,#2788,.T.);
#3836 = ORIENTED_EDGE('',*,*,#3040,.F.);
#3837 = ORIENTED_EDGE('',*,*,#3678,.F.);
#3838 = ADVANCED_FACE('',(#3839),#2947,.T.);
#3839 = FACE_BOUND('',#3840,.F.);
#3840 = EDGE_LOOP('',(#3841,#3842,#3843,#3865));
#3841 = ORIENTED_EDGE('',*,*,#2985,.F.);
#3842 = ORIENTED_EDGE('',*,*,#2933,.T.);
#3843 = ORIENTED_EDGE('',*,*,#3844,.T.);
#3844 = EDGE_CURVE('',#2901,#3602,#3845,.T.);
#3845 = SURFACE_CURVE('',#3846,(#3851,#3858),.PCURVE_S1.);
#3846 = CIRCLE('',#3847,3.);
#3847 = AXIS2_PLACEMENT_3D('',#3848,#3849,#3850);
#3848 = CARTESIAN_POINT('',(231.,-51.,420.));
#3849 = DIRECTION('',(1.,6.123233995737E-17,0.));
#3850 = DIRECTION('',(6.123233995737E-17,-1.,0.));
#3851 = PCURVE('',#2947,#3852);
#3852 = DEFINITIONAL_REPRESENTATION('',(#3853),#3857);
#3853 = LINE('',#3854,#3855);
#3854 = CARTESIAN_POINT('',(-3.14159265359,31.));
#3855 = VECTOR('',#3856,1.);
#3856 = DIRECTION('',(1.,-0.));
#3857 = ( GEOMETRIC_REPRESENTATION_CONTEXT(2) 
PARAMETRIC_REPRESENTATION_CONTEXT() REPRESENTATION_CONTEXT('2D SPACE',''
  ) );
#3858 = PCURVE('',#2921,#3859);
#3859 = DEFINITIONAL_REPRESENTATION('',(#3860),#3864);
#3860 = LINE('',#3861,#3862);
#3861 = CARTESIAN_POINT('',(1.570796326795,0.));
#3862 = VECTOR('',#3863,1.);
#3863 = DIRECTION('',(0.,1.));
#3864 = ( GEOMETRIC_REPRESENTATION_CONTEXT(2) 
PARAMETRIC_REPRESENTATION_CONTEXT() REPRESENTATION_CONTEXT('2D SPACE',''
  ) );
#3865 = ORIENTED_EDGE('',*,*,#3624,.F.);
#3866 = ADVANCED_FACE('',(#3867),#2831,.T.);
#3867 = FACE_BOUND('',#3868,.F.);
#3868 = EDGE_LOOP('',(#3869,#3870,#3871,#3893));
#3869 = ORIENTED_EDGE('',*,*,#3011,.F.);
#3870 = ORIENTED_EDGE('',*,*,#3575,.T.);
#3871 = ORIENTED_EDGE('',*,*,#3872,.F.);
#3872 = EDGE_CURVE('',#2816,#3553,#3873,.T.);
#3873 = SURFACE_CURVE('',#3874,(#3879,#3886),.PCURVE_S1.);
#3874 = CIRCLE('',#3875,3.);
#3875 = AXIS2_PLACEMENT_3D('',#3876,#3877,#3878);
#3876 = CARTESIAN_POINT('',(231.,51.,420.));
#3877 = DIRECTION('',(-1.,6.123233995737E-17,0.));
#3878 = DIRECTION('',(6.123233995737E-17,1.,-0.));
#3879 = PCURVE('',#2831,#3880);
#3880 = DEFINITIONAL_REPRESENTATION('',(#3881),#3885);
#3881 = LINE('',#3882,#3883);
#3882 = CARTESIAN_POINT('',(1.570796326795,31.));
#3883 = VECTOR('',#3884,1.);
#3884 = DIRECTION('',(-1.,0.));
#3885 = ( GEOMETRIC_REPRESENTATION_CONTEXT(2) 
PARAMETRIC_REPRESENTATION_CONTEXT() REPRESENTATION_CONTEXT('2D SPACE',''
  ) );
#3886 = PCURVE('',#2860,#3887);
#3887 = DEFINITIONAL_REPRESENTATION('',(#3888),#3892);
#3888 = LINE('',#3889,#3890);
#3889 = CARTESIAN_POINT('',(-1.570796326795,0.));
#3890 = VECTOR('',#3891,1.);
#3891 = DIRECTION('',(-0.,1.));
#3892 = ( GEOMETRIC_REPRESENTATION_CONTEXT(2) 
PARAMETRIC_REPRESENTATION_CONTEXT() REPRESENTATION_CONTEXT('2D SPACE',''
  ) );
#3893 = ORIENTED_EDGE('',*,*,#2815,.F.);
#3894 = ADVANCED_FACE('',(#3895),#2921,.T.);
#3895 = FACE_BOUND('',#3896,.T.);
#3896 = EDGE_LOOP('',(#3897,#3921,#3922,#3923));
#3897 = ORIENTED_EDGE('',*,*,#3898,.F.);
#3898 = EDGE_CURVE('',#2873,#3899,#3901,.T.);
#3899 = VERTEX_POINT('',#3900);
#3900 = CARTESIAN_POINT('',(234.,-45.,420.));
#3901 = SURFACE_CURVE('',#3902,(#3907,#3914),.PCURVE_S1.);
#3902 = CIRCLE('',#3903,3.);
#3903 = AXIS2_PLACEMENT_3D('',#3904,#3905,#3906);
#3904 = CARTESIAN_POINT('',(237.,-45.,420.));
#3905 = DIRECTION('',(-0.,1.,0.));
#3906 = DIRECTION('',(1.,0.,0.));
#3907 = PCURVE('',#2921,#3908);
#3908 = DEFINITIONAL_REPRESENTATION('',(#3909),#3913);
#3909 = LINE('',#3910,#3911);
#3910 = CARTESIAN_POINT('',(0.,0.));
#3911 = VECTOR('',#3912,1.);
#3912 = DIRECTION('',(0.,1.));
#3913 = ( GEOMETRIC_REPRESENTATION_CONTEXT(2) 
PARAMETRIC_REPRESENTATION_CONTEXT() REPRESENTATION_CONTEXT('2D SPACE',''
  ) );
#3914 = PCURVE('',#2888,#3915);
#3915 = DEFINITIONAL_REPRESENTATION('',(#3916),#3920);
#3916 = LINE('',#3917,#3918);
#3917 = CARTESIAN_POINT('',(-3.14159265359,3.));
#3918 = VECTOR('',#3919,1.);
#3919 = DIRECTION('',(1.,-0.));
#3920 = ( GEOMETRIC_REPRESENTATION_CONTEXT(2) 
PARAMETRIC_REPRESENTATION_CONTEXT() REPRESENTATION_CONTEXT('2D SPACE',''
  ) );
#3921 = ORIENTED_EDGE('',*,*,#2900,.T.);
#3922 = ORIENTED_EDGE('',*,*,#3844,.T.);
#3923 = ORIENTED_EDGE('',*,*,#3924,.F.);
#3924 = EDGE_CURVE('',#3899,#3602,#3925,.T.);
#3925 = SURFACE_CURVE('',#3926,(#3931,#3938),.PCURVE_S1.);
#3926 = CIRCLE('',#3927,3.);
#3927 = AXIS2_PLACEMENT_3D('',#3928,#3929,#3930);
#3928 = CARTESIAN_POINT('',(231.,-45.,420.));
#3929 = DIRECTION('',(0.,-0.,-1.));
#3930 = DIRECTION('',(1.,0.,-0.));
#3931 = PCURVE('',#2921,#3932);
#3932 = DEFINITIONAL_REPRESENTATION('',(#3933),#3937);
#3933 = LINE('',#3934,#3935);
#3934 = CARTESIAN_POINT('',(0.,3.14159265359));
#3935 = VECTOR('',#3936,1.);
#3936 = DIRECTION('',(1.,0.));
#3937 = ( GEOMETRIC_REPRESENTATION_CONTEXT(2) 
PARAMETRIC_REPRESENTATION_CONTEXT() REPRESENTATION_CONTEXT('2D SPACE',''
  ) );
#3938 = PCURVE('',#3448,#3939);
#3939 = DEFINITIONAL_REPRESENTATION('',(#3940),#3944);
#3940 = LINE('',#3941,#3942);
#3941 = CARTESIAN_POINT('',(1.570796326795,3.));
#3942 = VECTOR('',#3943,1.);
#3943 = DIRECTION('',(-1.,-0.));
#3944 = ( GEOMETRIC_REPRESENTATION_CONTEXT(2) 
PARAMETRIC_REPRESENTATION_CONTEXT() REPRESENTATION_CONTEXT('2D SPACE',''
  ) );
#3945 = ADVANCED_FACE('',(#3946),#2860,.T.);
#3946 = FACE_BOUND('',#3947,.F.);
#3947 = EDGE_LOOP('',(#3948,#3972,#3973,#3974));
#3948 = ORIENTED_EDGE('',*,*,#3949,.F.);
#3949 = EDGE_CURVE('',#2844,#3950,#3952,.T.);
#3950 = VERTEX_POINT('',#3951);
#3951 = CARTESIAN_POINT('',(234.,45.,420.));
#3952 = SURFACE_CURVE('',#3953,(#3958,#3965),.PCURVE_S1.);
#3953 = CIRCLE('',#3954,3.);
#3954 = AXIS2_PLACEMENT_3D('',#3955,#3956,#3957);
#3955 = CARTESIAN_POINT('',(237.,45.,420.));
#3956 = DIRECTION('',(0.,1.,0.));
#3957 = DIRECTION('',(1.,0.,-0.));
#3958 = PCURVE('',#2860,#3959);
#3959 = DEFINITIONAL_REPRESENTATION('',(#3960),#3964);
#3960 = LINE('',#3961,#3962);
#3961 = CARTESIAN_POINT('',(-0.,0.));
#3962 = VECTOR('',#3963,1.);
#3963 = DIRECTION('',(-0.,1.));
#3964 = ( GEOMETRIC_REPRESENTATION_CONTEXT(2) 
PARAMETRIC_REPRESENTATION_CONTEXT() REPRESENTATION_CONTEXT('2D SPACE',''
  ) );
#3965 = PCURVE('',#2888,#3966);
#3966 = DEFINITIONAL_REPRESENTATION('',(#3967),#3971);
#3967 = LINE('',#3968,#3969);
#3968 = CARTESIAN_POINT('',(-3.14159265359,93.));
#3969 = VECTOR('',#3970,1.);
#3970 = DIRECTION('',(1.,-0.));
#3971 = ( GEOMETRIC_REPRESENTATION_CONTEXT(2) 
PARAMETRIC_REPRESENTATION_CONTEXT() REPRESENTATION_CONTEXT('2D SPACE',''
  ) );
#3972 = ORIENTED_EDGE('',*,*,#2843,.T.);
#3973 = ORIENTED_EDGE('',*,*,#3872,.T.);
#3974 = ORIENTED_EDGE('',*,*,#3975,.F.);
#3975 = EDGE_CURVE('',#3950,#3553,#3976,.T.);
#3976 = SURFACE_CURVE('',#3977,(#3982,#3989),.PCURVE_S1.);
#3977 = CIRCLE('',#3978,3.);
#3978 = AXIS2_PLACEMENT_3D('',#3979,#3980,#3981);
#3979 = CARTESIAN_POINT('',(231.,45.,420.));
#3980 = DIRECTION('',(0.,0.,1.));
#3981 = DIRECTION('',(1.,0.,-0.));
#3982 = PCURVE('',#2860,#3983);
#3983 = DEFINITIONAL_REPRESENTATION('',(#3984),#3988);
#3984 = LINE('',#3985,#3986);
#3985 = CARTESIAN_POINT('',(-0.,3.14159265359));
#3986 = VECTOR('',#3987,1.);
#3987 = DIRECTION('',(-1.,0.));
#3988 = ( GEOMETRIC_REPRESENTATION_CONTEXT(2) 
PARAMETRIC_REPRESENTATION_CONTEXT() REPRESENTATION_CONTEXT('2D SPACE',''
  ) );
#3989 = PCURVE('',#3504,#3990);
#3990 = DEFINITIONAL_REPRESENTATION('',(#3991),#3995);
#3991 = LINE('',#3992,#3993);
#3992 = CARTESIAN_POINT('',(0.,3.));
#3993 = VECTOR('',#3994,1.);
#3994 = DIRECTION('',(1.,0.));
#3995 = ( GEOMETRIC_REPRESENTATION_CONTEXT(2) 
PARAMETRIC_REPRESENTATION_CONTEXT() REPRESENTATION_CONTEXT('2D SPACE',''
  ) );
#3996 = ADVANCED_FACE('',(#3997),#2888,.T.);
#3997 = FACE_BOUND('',#3998,.F.);
#3998 = EDGE_LOOP('',(#3999,#4000,#4001,#4002));
#3999 = ORIENTED_EDGE('',*,*,#3898,.F.);
#4000 = ORIENTED_EDGE('',*,*,#2872,.T.);
#4001 = ORIENTED_EDGE('',*,*,#3949,.T.);
#4002 = ORIENTED_EDGE('',*,*,#4003,.F.);
#4003 = EDGE_CURVE('',#3899,#3950,#4004,.T.);
#4004 = SURFACE_CURVE('',#4005,(#4009,#4016),.PCURVE_S1.);
#4005 = LINE('',#4006,#4007);
#4006 = CARTESIAN_POINT('',(234.,-48.,420.));
#4007 = VECTOR('',#4008,1.);
#4008 = DIRECTION('',(0.,1.,0.));
#4009 = PCURVE('',#2888,#4010);
#4010 = DEFINITIONAL_REPRESENTATION('',(#4011),#4015);
#4011 = LINE('',#4012,#4013);
#4012 = CARTESIAN_POINT('',(-0.,0.));
#4013 = VECTOR('',#4014,1.);
#4014 = DIRECTION('',(-0.,1.));
#4015 = ( GEOMETRIC_REPRESENTATION_CONTEXT(2) 
PARAMETRIC_REPRESENTATION_CONTEXT() REPRESENTATION_CONTEXT('2D SPACE',''
  ) );
#4016 = PCURVE('',#3534,#4017);
#4017 = DEFINITIONAL_REPRESENTATION('',(#4018),#4022);
#4018 = LINE('',#4019,#4020);
#4019 = CARTESIAN_POINT('',(3.,-12.));
#4020 = VECTOR('',#4021,1.);
#4021 = DIRECTION('',(0.,-1.));
#4022 = ( GEOMETRIC_REPRESENTATION_CONTEXT(2) 
PARAMETRIC_REPRESENTATION_CONTEXT() REPRESENTATION_CONTEXT('2D SPACE',''
  ) );
#4023 = ADVANCED_FACE('',(#4024),#3104,.T.);
#4024 = FACE_BOUND('',#4025,.F.);
#4025 = EDGE_LOOP('',(#4026,#4047,#4069,#4070));
#4026 = ORIENTED_EDGE('',*,*,#4027,.F.);
#4027 = EDGE_CURVE('',#3737,#3143,#4028,.T.);
#4028 = SURFACE_CURVE('',#4029,(#4033,#4040),.PCURVE_S1.);
#4029 = LINE('',#4030,#4031);
#4030 = CARTESIAN_POINT('',(246.,-57.,417.));
#4031 = VECTOR('',#4032,1.);
#4032 = DIRECTION('',(0.,0.,1.));
#4033 = PCURVE('',#3104,#4034);
#4034 = DEFINITIONAL_REPRESENTATION('',(#4035),#4039);
#4035 = LINE('',#4036,#4037);
#4036 = CARTESIAN_POINT('',(-0.,0.));
#4037 = VECTOR('',#4038,1.);
#4038 = DIRECTION('',(-0.,1.));
#4039 = ( GEOMETRIC_REPRESENTATION_CONTEXT(2) 
PARAMETRIC_REPRESENTATION_CONTEXT() REPRESENTATION_CONTEXT('2D SPACE',''
  ) );
#4040 = PCURVE('',#3187,#4041);
#4041 = DEFINITIONAL_REPRESENTATION('',(#4042),#4046);
#4042 = LINE('',#4043,#4044);
#4043 = CARTESIAN_POINT('',(0.,-3.));
#4044 = VECTOR('',#4045,1.);
#4045 = DIRECTION('',(1.,0.));
#4046 = ( GEOMETRIC_REPRESENTATION_CONTEXT(2) 
PARAMETRIC_REPRESENTATION_CONTEXT() REPRESENTATION_CONTEXT('2D SPACE',''
  ) );
#4047 = ORIENTED_EDGE('',*,*,#4048,.T.);
#4048 = EDGE_CURVE('',#3737,#3089,#4049,.T.);
#4049 = SURFACE_CURVE('',#4050,(#4055,#4062),.PCURVE_S1.);
#4050 = CIRCLE('',#4051,3.);
#4051 = AXIS2_PLACEMENT_3D('',#4052,#4053,#4054);
#4052 = CARTESIAN_POINT('',(243.,-57.,420.));
#4053 = DIRECTION('',(0.,-0.,-1.));
#4054 = DIRECTION('',(1.,0.,-0.));
#4055 = PCURVE('',#3104,#4056);
#4056 = DEFINITIONAL_REPRESENTATION('',(#4057),#4061);
#4057 = LINE('',#4058,#4059);
#4058 = CARTESIAN_POINT('',(-0.,3.));
#4059 = VECTOR('',#4060,1.);
#4060 = DIRECTION('',(-1.,0.));
#4061 = ( GEOMETRIC_REPRESENTATION_CONTEXT(2) 
PARAMETRIC_REPRESENTATION_CONTEXT() REPRESENTATION_CONTEXT('2D SPACE',''
  ) );
#4062 = PCURVE('',#3721,#4063);
#4063 = DEFINITIONAL_REPRESENTATION('',(#4064),#4068);
#4064 = LINE('',#4065,#4066);
#4065 = CARTESIAN_POINT('',(-0.,0.));
#4066 = VECTOR('',#4067,1.);
#4067 = DIRECTION('',(-1.,0.));
#4068 = ( GEOMETRIC_REPRESENTATION_CONTEXT(2) 
PARAMETRIC_REPRESENTATION_CONTEXT() REPRESENTATION_CONTEXT('2D SPACE',''
  ) );
#4069 = ORIENTED_EDGE('',*,*,#3088,.T.);
#4070 = ORIENTED_EDGE('',*,*,#4071,.T.);
#4071 = EDGE_CURVE('',#3066,#3143,#4072,.T.);
#4072 = SURFACE_CURVE('',#4073,(#4078,#4085),.PCURVE_S1.);
#4073 = CIRCLE('',#4074,3.);
#4074 = AXIS2_PLACEMENT_3D('',#4075,#4076,#4077);
#4075 = CARTESIAN_POINT('',(243.,-57.,426.));
#4076 = DIRECTION('',(-6.123233995737E-17,0.,1.));
#4077 = DIRECTION('',(1.,0.,6.123233995737E-17));
#4078 = PCURVE('',#3104,#4079);
#4079 = DEFINITIONAL_REPRESENTATION('',(#4080),#4084);
#4080 = LINE('',#4081,#4082);
#4081 = CARTESIAN_POINT('',(-6.28318530718,9.));
#4082 = VECTOR('',#4083,1.);
#4083 = DIRECTION('',(1.,-0.));
#4084 = ( GEOMETRIC_REPRESENTATION_CONTEXT(2) 
PARAMETRIC_REPRESENTATION_CONTEXT() REPRESENTATION_CONTEXT('2D SPACE',''
  ) );
#4085 = PCURVE('',#3159,#4086);
#4086 = DEFINITIONAL_REPRESENTATION('',(#4087),#4091);
#4087 = LINE('',#4088,#4089);
#4088 = CARTESIAN_POINT('',(1.570796326795,-6.28318530718));
#4089 = VECTOR('',#4090,1.);
#4090 = DIRECTION('',(0.,1.));
#4091 = ( GEOMETRIC_REPRESENTATION_CONTEXT(2) 
PARAMETRIC_REPRESENTATION_CONTEXT() REPRESENTATION_CONTEXT('2D SPACE',''
  ) );
#4092 = ADVANCED_FACE('',(#4093),#3159,.T.);
#4093 = FACE_BOUND('',#4094,.T.);
#4094 = EDGE_LOOP('',(#4095,#4096,#4097));
#4095 = ORIENTED_EDGE('',*,*,#3231,.F.);
#4096 = ORIENTED_EDGE('',*,*,#4071,.T.);
#4097 = ORIENTED_EDGE('',*,*,#3142,.F.);
#4098 = ADVANCED_FACE('',(#4099),#3214,.T.);
#4099 = FACE_BOUND('',#4100,.F.);
#4100 = EDGE_LOOP('',(#4101,#4102,#4124));
#4101 = ORIENTED_EDGE('',*,*,#3257,.F.);
#4102 = ORIENTED_EDGE('',*,*,#4103,.T.);
#4103 = EDGE_CURVE('',#3258,#3172,#4104,.T.);
#4104 = SURFACE_CURVE('',#4105,(#4110,#4117),.PCURVE_S1.);
#4105 = CIRCLE('',#4106,3.);
#4106 = AXIS2_PLACEMENT_3D('',#4107,#4108,#4109);
#4107 = CARTESIAN_POINT('',(243.,57.,426.));
#4108 = DIRECTION('',(6.123233995737E-17,0.,-1.));
#4109 = DIRECTION('',(1.,0.,6.123233995737E-17));
#4110 = PCURVE('',#3214,#4111);
#4111 = DEFINITIONAL_REPRESENTATION('',(#4112),#4116);
#4112 = LINE('',#4113,#4114);
#4113 = CARTESIAN_POINT('',(-1.570796326795,-6.28318530718));
#4114 = VECTOR('',#4115,1.);
#4115 = DIRECTION('',(-0.,1.));
#4116 = ( GEOMETRIC_REPRESENTATION_CONTEXT(2) 
PARAMETRIC_REPRESENTATION_CONTEXT() REPRESENTATION_CONTEXT('2D SPACE',''
  ) );
#4117 = PCURVE('',#3666,#4118);
#4118 = DEFINITIONAL_REPRESENTATION('',(#4119),#4123);
#4119 = LINE('',#4120,#4121);
#4120 = CARTESIAN_POINT('',(6.28318530718,9.));
#4121 = VECTOR('',#4122,1.);
#4122 = DIRECTION('',(-1.,-0.));
#4123 = ( GEOMETRIC_REPRESENTATION_CONTEXT(2) 
PARAMETRIC_REPRESENTATION_CONTEXT() REPRESENTATION_CONTEXT('2D SPACE',''
  ) );
#4124 = ORIENTED_EDGE('',*,*,#3199,.F.);
#4125 = ADVANCED_FACE('',(#4126),#3187,.T.);
#4126 = FACE_BOUND('',#4127,.T.);
#4127 = EDGE_LOOP('',(#4128,#4129,#4130,#4131));
#4128 = ORIENTED_EDGE('',*,*,#3171,.F.);
#4129 = ORIENTED_EDGE('',*,*,#4027,.F.);
#4130 = ORIENTED_EDGE('',*,*,#3790,.T.);
#4131 = ORIENTED_EDGE('',*,*,#4132,.T.);
#4132 = EDGE_CURVE('',#3762,#3172,#4133,.T.);
#4133 = SURFACE_CURVE('',#4134,(#4138,#4145),.PCURVE_S1.);
#4134 = LINE('',#4135,#4136);
#4135 = CARTESIAN_POINT('',(246.,57.,417.));
#4136 = VECTOR('',#4137,1.);
#4137 = DIRECTION('',(0.,0.,1.));
#4138 = PCURVE('',#3187,#4139);
#4139 = DEFINITIONAL_REPRESENTATION('',(#4140),#4144);
#4140 = LINE('',#4141,#4142);
#4141 = CARTESIAN_POINT('',(0.,-117.));
#4142 = VECTOR('',#4143,1.);
#4143 = DIRECTION('',(1.,0.));
#4144 = ( GEOMETRIC_REPRESENTATION_CONTEXT(2) 
PARAMETRIC_REPRESENTATION_CONTEXT() REPRESENTATION_CONTEXT('2D SPACE',''
  ) );
#4145 = PCURVE('',#3666,#4146);
#4146 = DEFINITIONAL_REPRESENTATION('',(#4147),#4151);
#4147 = LINE('',#4148,#4149);
#4148 = CARTESIAN_POINT('',(0.,0.));
#4149 = VECTOR('',#4150,1.);
#4150 = DIRECTION('',(0.,1.));
#4151 = ( GEOMETRIC_REPRESENTATION_CONTEXT(2) 
PARAMETRIC_REPRESENTATION_CONTEXT() REPRESENTATION_CONTEXT('2D SPACE',''
  ) );
#4152 = ADVANCED_FACE('',(#4153),#3448,.F.);
#4153 = FACE_BOUND('',#4154,.F.);
#4154 = EDGE_LOOP('',(#4155,#4156,#4157,#4178));
#4155 = ORIENTED_EDGE('',*,*,#3601,.F.);
#4156 = ORIENTED_EDGE('',*,*,#3924,.F.);
#4157 = ORIENTED_EDGE('',*,*,#4158,.T.);
#4158 = EDGE_CURVE('',#3899,#3408,#4159,.T.);
#4159 = SURFACE_CURVE('',#4160,(#4164,#4171),.PCURVE_S1.);
#4160 = LINE('',#4161,#4162);
#4161 = CARTESIAN_POINT('',(234.,-45.,417.));
#4162 = VECTOR('',#4163,1.);
#4163 = DIRECTION('',(0.,0.,1.));
#4164 = PCURVE('',#3448,#4165);
#4165 = DEFINITIONAL_REPRESENTATION('',(#4166),#4170);
#4166 = LINE('',#4167,#4168);
#4167 = CARTESIAN_POINT('',(1.570796326795,0.));
#4168 = VECTOR('',#4169,1.);
#4169 = DIRECTION('',(0.,1.));
#4170 = ( GEOMETRIC_REPRESENTATION_CONTEXT(2) 
PARAMETRIC_REPRESENTATION_CONTEXT() REPRESENTATION_CONTEXT('2D SPACE',''
  ) );
#4171 = PCURVE('',#3534,#4172);
#4172 = DEFINITIONAL_REPRESENTATION('',(#4173),#4177);
#4173 = LINE('',#4174,#4175);
#4174 = CARTESIAN_POINT('',(0.,-15.));
#4175 = VECTOR('',#4176,1.);
#4176 = DIRECTION('',(1.,0.));
#4177 = ( GEOMETRIC_REPRESENTATION_CONTEXT(2) 
PARAMETRIC_REPRESENTATION_CONTEXT() REPRESENTATION_CONTEXT('2D SPACE',''
  ) );
#4178 = ORIENTED_EDGE('',*,*,#3433,.T.);
#4179 = ADVANCED_FACE('',(#4180),#3504,.F.);
#4180 = FACE_BOUND('',#4181,.F.);
#4181 = EDGE_LOOP('',(#4182,#4203,#4204,#4205));
#4182 = ORIENTED_EDGE('',*,*,#4183,.F.);
#4183 = EDGE_CURVE('',#3950,#3466,#4184,.T.);
#4184 = SURFACE_CURVE('',#4185,(#4189,#4196),.PCURVE_S1.);
#4185 = LINE('',#4186,#4187);
#4186 = CARTESIAN_POINT('',(234.,45.,417.));
#4187 = VECTOR('',#4188,1.);
#4188 = DIRECTION('',(0.,0.,1.));
#4189 = PCURVE('',#3504,#4190);
#4190 = DEFINITIONAL_REPRESENTATION('',(#4191),#4195);
#4191 = LINE('',#4192,#4193);
#4192 = CARTESIAN_POINT('',(0.,0.));
#4193 = VECTOR('',#4194,1.);
#4194 = DIRECTION('',(0.,1.));
#4195 = ( GEOMETRIC_REPRESENTATION_CONTEXT(2) 
PARAMETRIC_REPRESENTATION_CONTEXT() REPRESENTATION_CONTEXT('2D SPACE',''
  ) );
#4196 = PCURVE('',#3534,#4197);
#4197 = DEFINITIONAL_REPRESENTATION('',(#4198),#4202);
#4198 = LINE('',#4199,#4200);
#4199 = CARTESIAN_POINT('',(0.,-105.));
#4200 = VECTOR('',#4201,1.);
#4201 = DIRECTION('',(1.,0.));
#4202 = ( GEOMETRIC_REPRESENTATION_CONTEXT(2) 
PARAMETRIC_REPRESENTATION_CONTEXT() REPRESENTATION_CONTEXT('2D SPACE',''
  ) );
#4203 = ORIENTED_EDGE('',*,*,#3975,.T.);
#4204 = ORIENTED_EDGE('',*,*,#3552,.T.);
#4205 = ORIENTED_EDGE('',*,*,#3489,.T.);
#4206 = ADVANCED_FACE('',(#4207),#3534,.F.);
#4207 = FACE_BOUND('',#4208,.F.);
#4208 = EDGE_LOOP('',(#4209,#4210,#4211,#4212));
#4209 = ORIENTED_EDGE('',*,*,#3520,.F.);
#4210 = ORIENTED_EDGE('',*,*,#4158,.F.);
#4211 = ORIENTED_EDGE('',*,*,#4003,.T.);
#4212 = ORIENTED_EDGE('',*,*,#4183,.T.);
#4213 = ADVANCED_FACE('',(#4214),#3666,.T.);
#4214 = FACE_BOUND('',#4215,.T.);
#4215 = EDGE_LOOP('',(#4216,#4217,#4239,#4240));
#4216 = ORIENTED_EDGE('',*,*,#4132,.F.);
#4217 = ORIENTED_EDGE('',*,*,#4218,.T.);
#4218 = EDGE_CURVE('',#3762,#3651,#4219,.T.);
#4219 = SURFACE_CURVE('',#4220,(#4225,#4232),.PCURVE_S1.);
#4220 = CIRCLE('',#4221,3.);
#4221 = AXIS2_PLACEMENT_3D('',#4222,#4223,#4224);
#4222 = CARTESIAN_POINT('',(243.,57.,420.));
#4223 = DIRECTION('',(0.,0.,1.));
#4224 = DIRECTION('',(1.,0.,-0.));
#4225 = PCURVE('',#3666,#4226);
#4226 = DEFINITIONAL_REPRESENTATION('',(#4227),#4231);
#4227 = LINE('',#4228,#4229);
#4228 = CARTESIAN_POINT('',(0.,3.));
#4229 = VECTOR('',#4230,1.);
#4230 = DIRECTION('',(1.,0.));
#4231 = ( GEOMETRIC_REPRESENTATION_CONTEXT(2) 
PARAMETRIC_REPRESENTATION_CONTEXT() REPRESENTATION_CONTEXT('2D SPACE',''
  ) );
#4232 = PCURVE('',#3778,#4233);
#4233 = DEFINITIONAL_REPRESENTATION('',(#4234),#4238);
#4234 = LINE('',#4235,#4236);
#4235 = CARTESIAN_POINT('',(0.,0.));
#4236 = VECTOR('',#4237,1.);
#4237 = DIRECTION('',(1.,0.));
#4238 = ( GEOMETRIC_REPRESENTATION_CONTEXT(2) 
PARAMETRIC_REPRESENTATION_CONTEXT() REPRESENTATION_CONTEXT('2D SPACE',''
  ) );
#4239 = ORIENTED_EDGE('',*,*,#3650,.T.);
#4240 = ORIENTED_EDGE('',*,*,#4103,.T.);
#4241 = ADVANCED_FACE('',(#4242),#3721,.T.);
#4242 = FACE_BOUND('',#4243,.F.);
#4243 = EDGE_LOOP('',(#4244,#4245,#4246));
#4244 = ORIENTED_EDGE('',*,*,#3736,.F.);
#4245 = ORIENTED_EDGE('',*,*,#3706,.T.);
#4246 = ORIENTED_EDGE('',*,*,#4048,.F.);
#4247 = ADVANCED_FACE('',(#4248),#3778,.T.);
#4248 = FACE_BOUND('',#4249,.T.);
#4249 = EDGE_LOOP('',(#4250,#4251,#4252));
#4250 = ORIENTED_EDGE('',*,*,#3761,.F.);
#4251 = ORIENTED_EDGE('',*,*,#3814,.T.);
#4252 = ORIENTED_EDGE('',*,*,#4218,.F.);
#4253 = ( GEOMETRIC_REPRESENTATION_CONTEXT(3) 
GLOBAL_UNCERTAINTY_ASSIGNED_CONTEXT((#4257)) 
GLOBAL_UNIT_ASSIGNED_CONTEXT((#4254,#4255,#4256)) REPRESENTATION_CONTEXT
('Context #1','3D Context with UNIT and UNCERTAINTY') );
#4254 = ( LENGTH_UNIT() NAMED_UNIT(*) SI_UNIT(.MILLI.,.METRE.) );
#4255 = ( NAMED_UNIT(*) PLANE_ANGLE_UNIT() SI_UNIT($,.RADIAN.) );
#4256 = ( NAMED_UNIT(*) SI_UNIT($,.STERADIAN.) SOLID_ANGLE_UNIT() );
#4257 = UNCERTAINTY_MEASURE_WITH_UNIT(LENGTH_MEASURE(1.E-07),#4254,
  'distance_accuracy_value','confusion accuracy');
#4258 = PRODUCT_RELATED_PRODUCT_CATEGORY('part',$,(#7));
ENDSEC;
END-ISO-10303-21;
